{
  "LodDetail": {
    "BoundSize": {
      "X": 0.450439,
      "Y": 1.959845,
      "Z": 1.238939
    }
  }
}