{
  "LodDetail": {
    "BoundSize": {
      "X": 8.601944,
      "Y": 8.665981,
      "Z": 8.911332
    }
  }
}