{
  "LodDetail": {
    "BoundSize": {
      "X": 6.019134,
      "Y": 4.48403,
      "Z": 5.951668
    }
  }
}