{
  "LodDetail": {
    "BoundSize": {
      "X": 1.137439,
      "Y": 1.07104,
      "Z": 1.153216
    }
  }
}