{
  "LodDetail": {
    "BoundSize": {
      "X": 3.910547,
      "Y": 3.910548,
      "Z": 3.910547
    }
  }
}