{
  "LodDetail": {
    "BoundSize": {
      "X": 4.18011,
      "Y": 0.977275,
      "Z": 5.225138
    }
  }
}