{
  "LodDetail": {
    "BoundSize": {
      "X": 82.30898,
      "Y": 54.26344,
      "Z": 27.5736
    }
  }
}