{
  "LodDetail": {
    "BoundSize": {
      "X": 1.37777,
      "Y": 1.853299,
      "Z": 1.499565
    }
  }
}