{
  "LodDetail": {
    "BoundSize": {
      "X": 0.018506,
      "Y": 0.010369,
      "Z": 0.013776
    }
  }
}