{
  "LodDetail": {
    "BoundSize": {
      "X": 8.10585,
      "Y": 7.414771,
      "Z": 1.765828
    }
  }
}