{
  "LodDetail": {
    "BoundSize": {
      "X": 1.059259,
      "Y": 0.10625,
      "Z": 1.326516
    }
  }
}