{
  "LodDetail": {
    "BoundSize": {
      "X": 3.073383,
      "Y": 10.27642,
      "Z": 10.17437
    }
  }
}