{
  "LodDetail": {
    "BoundSize": {
      "X": 0.560495,
      "Y": 0.559526,
      "Z": 0.520459
    }
  }
}