{
  "LodDetail": {
    "BoundSize": {
      "X": 1.514297,
      "Y": 2.923148,
      "Z": 1.739148
    }
  }
}