{
  "LodDetail": {
    "BoundSize": {
      "X": 4.286952,
      "Y": 4.382218,
      "Z": 4.477484
    }
  }
}