{
  "LodDetail": {
    "BoundSize": {
      "X": 12.64688,
      "Y": 3.993751,
      "Z": 11.64844
    }
  }
}