{
  "LodDetail": {
    "BoundSize": {
      "X": 1.392348,
      "Y": 1.099704,
      "Z": 1.691054
    }
  }
}