{
  "LodDetail": {
    "BoundSize": {
      "X": 0.734988,
      "Y": 0.446123,
      "Z": 0.651656
    }
  }
}