{
  "LodDetail": {
    "BoundSize": {
      "X": 0.255192,
      "Y": 0.303182,
      "Z": 0.332975
    }
  }
}