{
  "LodDetail": {
    "BoundSize": {
      "X": 2.704117,
      "Y": 1.232516,
      "Z": 1.232516
    }
  }
}