{
  "LodDetail": {
    "BoundSize": {
      "X": 0.303364,
      "Y": 0.310167,
      "Z": 0.255541
    }
  }
}