{
  "LodDetail": {
    "BoundSize": {
      "X": 3.577776,
      "Y": 0.637906,
      "Z": 3.797948
    }
  }
}