{
  "LodDetail": {
    "BoundSize": {
      "X": 1.681065,
      "Y": 2.048798,
      "Z": 1.735466
    }
  }
}