{
  "LodDetail": {
    "BoundSize": {
      "X": 33.09659,
      "Y": 4.863942,
      "Z": 33.09659
    }
  }
}