{
  "LodDetail": {
    "BoundSize": {
      "X": 0.390094,
      "Y": 0.827367,
      "Z": 0.530708
    }
  }
}