{
  "LodDetail": {
    "BoundSize": {
      "X": 0.589531,
      "Y": 1.010859,
      "Z": 0.605859
    }
  }
}