{
  "LodDetail": {
    "BoundSize": {
      "X": 0.632117,
      "Y": 1.582296,
      "Z": 1.333492
    }
  }
}