{
  "LodDetail": {
    "BoundSize": {
      "X": 18.74844,
      "Y": 11.5375,
      "Z": 20.19063
    }
  }
}