{
  "LodDetail": {
    "BoundSize": {
      "X": 0.952938,
      "Y": 2.187528,
      "Z": 1.979188
    }
  }
}