{
  "LodDetail": {
    "BoundSize": {
      "X": 0.053603,
      "Y": 1.429004,
      "Z": 0.373367
    }
  }
}