{
  "LodDetail": {
    "BoundSize": {
      "X": 6.434302,
      "Y": 6.750686,
      "Z": 8.268617
    }
  }
}