{
  "LodDetail": {
    "BoundSize": {
      "X": 3.961319,
      "Y": 2.953492,
      "Z": 3.459797
    }
  }
}