{
  "LodDetail": {
    "BoundSize": {
      "X": 1.145242,
      "Y": 2.758072,
      "Z": 2.419501
    }
  }
}