{
  "LodDetail": {
    "BoundSize": {
      "X": 0.687724,
      "Y": 3.712418,
      "Z": 0.825269
    }
  }
}