{
  "LodDetail": {
    "BoundSize": {
      "X": 1.808149,
      "Y": 0.909468,
      "Z": 0.47125
    }
  }
}