{
  "LodDetail": {
    "BoundSize": {
      "X": 1.900398,
      "Y": 3.054605,
      "Z": 4.586718
    }
  }
}