{
  "LodDetail": {
    "BoundSize": {
      "X": 12.26991,
      "Y": 15.25827,
      "Z": 15.54158
    }
  }
}