{
  "LodDetail": {
    "BoundSize": {
      "X": 4.210018,
      "Y": 4.116462,
      "Z": 4.210018
    }
  }
}