{
  "LodDetail": {
    "BoundSize": {
      "X": 6.244278,
      "Y": 6.98848,
      "Z": 6.244278
    }
  }
}