{
  "LodDetail": {
    "BoundSize": {
      "X": 1.150824,
      "Y": 1.754412,
      "Z": 6.632979
    }
  }
}