{
  "LodDetail": {
    "BoundSize": {
      "X": 2.195758,
      "Y": 0.764316,
      "Z": 2.254733
    }
  }
}