{
  "LodDetail": {
    "BoundSize": {
      "X": 0.309375,
      "Y": 0.328125,
      "Z": 0.328125
    }
  }
}