{
  "LodDetail": {
    "BoundSize": {
      "X": 0.046875,
      "Y": 0.046875,
      "Z": 0.046875
    }
  }
}