{
  "LodDetail": {
    "BoundSize": {
      "X": 6.426631,
      "Y": 2.102404,
      "Z": 2.928348
    }
  }
}