{
  "LodDetail": {
    "BoundSize": {
      "X": 2.064041,
      "Y": 0.76958,
      "Z": 0.502012
    }
  }
}