{
  "LodDetail": {
    "BoundSize": {
      "X": 1.021753,
      "Y": 0.905953,
      "Z": 1.048998
    }
  }
}