{
  "LodDetail": {
    "BoundSize": {
      "X": 4.598211,
      "Y": 0.665625,
      "Z": 4.598211
    }
  }
}