{
  "LodDetail": {
    "BoundSize": {
      "X": 22.63125,
      "Y": 13.67305,
      "Z": 22.63126
    }
  }
}