{
  "LodDetail": {
    "BoundSize": {
      "X": 1.35875,
      "Y": 0.828125,
      "Z": 2.06
    }
  }
}