{
  "LodDetail": {
    "BoundSize": {
      "X": 13.08611,
      "Y": 82.16039,
      "Z": 14.02083
    }
  }
}