{
  "LodDetail": {
    "BoundSize": {
      "X": 4.801467,
      "Y": 3.10569,
      "Z": 13.51927
    }
  }
}