{
  "LodDetail": {
    "BoundSize": {
      "X": 3.83507,
      "Y": 2.148359,
      "Z": 2.096719
    }
  }
}