{
  "LodDetail": {
    "BoundSize": {
      "X": 0.578125,
      "Y": 0.429688,
      "Z": 0.601563
    }
  }
}