{
  "LodDetail": {
    "BoundSize": {
      "X": 72.42291,
      "Y": 2.17831,
      "Z": 72.42294
    }
  }
}