{
  "LodDetail": {
    "BoundSize": {
      "X": 0.66618,
      "Y": 2.006308,
      "Z": 1.128206
    }
  }
}