{
  "LodDetail": {
    "BoundSize": {
      "X": 6.563708,
      "Y": 9.77698,
      "Z": 2.41289
    }
  }
}