{
  "LodDetail": {
    "BoundSize": {
      "X": 7.326867,
      "Y": 2.303375,
      "Z": 9.747147
    }
  }
}