{
  "LodDetail": {
    "BoundSize": {
      "X": 14.14282,
      "Y": 4.603123,
      "Z": 25.86423
    }
  }
}