{
  "LodDetail": {
    "BoundSize": {
      "X": 1.605317,
      "Y": 1.055469,
      "Z": 1.318452
    }
  }
}