{
  "LodDetail": {
    "BoundSize": {
      "X": 3.076656,
      "Y": 0.890625,
      "Z": 0.984375
    }
  }
}