{
  "LodDetail": {
    "BoundSize": {
      "X": 1.743001,
      "Y": 2.277439,
      "Z": 3.897937
    }
  }
}