{
  "LodDetail": {
    "BoundSize": {
      "X": 48.74175,
      "Y": 48.2112,
      "Z": 31.44629
    }
  }
}