{
  "LodDetail": {
    "BoundSize": {
      "X": 2.731073,
      "Y": 1.513083,
      "Z": 3.964007
    }
  }
}