{
  "LodDetail": {
    "BoundSize": {
      "X": 0.34943,
      "Y": 0.620233,
      "Z": 0.425098
    }
  }
}