{
  "LodDetail": {
    "BoundSize": {
      "X": 2.745703,
      "Y": 1.830495,
      "Z": 2.828907
    }
  }
}