{
  "LodDetail": {
    "BoundSize": {
      "X": 2.570664,
      "Y": 3.103442,
      "Z": 4.291438
    }
  }
}