{
  "LodDetail": {
    "BoundSize": {
      "X": 2.148779,
      "Y": 2.115721,
      "Z": 12.24621
    }
  }
}