{
  "LodDetail": {
    "BoundSize": {
      "X": 1.916422,
      "Y": 0.89743,
      "Z": 1.880104
    }
  }
}