{
  "LodDetail": {
    "BoundSize": {
      "X": 7.913649,
      "Y": 6.873848,
      "Z": 6.726211
    }
  }
}