{
  "LodDetail": {
    "BoundSize": {
      "X": 1.609854,
      "Y": 1.686252,
      "Z": 0.52605
    }
  }
}