{
  "LodDetail": {
    "BoundSize": {
      "X": 0.748828,
      "Y": 0.748828,
      "Z": 0.748828
    }
  }
}