{
  "LodDetail": {
    "BoundSize": {
      "X": 6.235018,
      "Y": 3.579729,
      "Z": 53.53918
    }
  }
}