{
  "LodDetail": {
    "BoundSize": {
      "X": 0.683006,
      "Y": 1.339797,
      "Z": 0.664063
    }
  }
}