{
  "LodDetail": {
    "BoundSize": {
      "X": 1.559963,
      "Y": 2.870959,
      "Z": 4.701893
    }
  }
}