{
  "LodDetail": {
    "BoundSize": {
      "X": 19.52278,
      "Y": 6.919684,
      "Z": 19.52278
    }
  }
}