{
  "LodDetail": {
    "BoundSize": {
      "X": 0.78125,
      "Y": 2.6075,
      "Z": 1.870125
    }
  }
}