{
  "LodDetail": {
    "BoundSize": {
      "X": 18.99006,
      "Y": 10.99181,
      "Z": 11.34715
    }
  }
}