{
  "LodDetail": {
    "BoundSize": {
      "X": 8.301301,
      "Y": 4.263057,
      "Z": 4.349618
    }
  }
}