{
  "LodDetail": {
    "BoundSize": {
      "X": 2.579298,
      "Y": 2.579297,
      "Z": 2.6625
    }
  }
}