{
  "LodDetail": {
    "BoundSize": {
      "X": 1.269523,
      "Y": 0.944369,
      "Z": 3.358025
    }
  }
}