{
  "LodDetail": {
    "BoundSize": {
      "X": 5.02151,
      "Y": 9.0245,
      "Z": 9.248772
    }
  }
}