{
  "LodDetail": {
    "BoundSize": {
      "X": 0.070313,
      "Y": 2.55,
      "Z": 0.070313
    }
  }
}