{
  "LodDetail": {
    "BoundSize": {
      "X": 1.078313,
      "Y": 1.658813,
      "Z": 0.778781
    }
  }
}