{
  "LodDetail": {
    "BoundSize": {
      "X": 3.452472,
      "Y": 3.834309,
      "Z": 6.413485
    }
  }
}