{
  "LodDetail": {
    "BoundSize": {
      "X": 1.214766,
      "Y": 1.547578,
      "Z": 1.464375
    }
  }
}