{
  "LodDetail": {
    "BoundSize": {
      "X": 6.604402,
      "Y": 2.077301,
      "Z": 2.182628
    }
  }
}