{
  "LodDetail": {
    "BoundSize": {
      "X": 8.452983,
      "Y": 20.53046,
      "Z": 5.939934
    }
  }
}