{
  "LodDetail": {
    "BoundSize": {
      "X": 1.540066,
      "Y": 0.966206,
      "Z": 4.609237
    }
  }
}