{
  "LodDetail": {
    "BoundSize": {
      "X": 17.0168,
      "Y": 11.17521,
      "Z": 35.59735
    }
  }
}