{
  "LodDetail": {
    "BoundSize": {
      "X": 27.81465,
      "Y": 6.501133,
      "Z": 2.389782
    }
  }
}