{
  "LodDetail": {
    "BoundSize": {
      "X": 2.554688,
      "Y": 2.754688,
      "Z": 4.757812
    }
  }
}