{
  "LodDetail": {
    "BoundSize": {
      "X": 0.613495,
      "Y": 0.613495,
      "Z": 0.773036
    }
  }
}