{
  "LodDetail": {
    "BoundSize": {
      "X": 0.832959,
      "Y": 0.640625,
      "Z": 0.118398
    }
  }
}