{
  "LodDetail": {
    "BoundSize": {
      "X": 0.731929,
      "Y": 0.895117,
      "Z": 0.486164
    }
  }
}