{
  "LodDetail": {
    "BoundSize": {
      "X": 5.017227,
      "Y": 4.362803,
      "Z": 5.017224
    }
  }
}