{
  "LodDetail": {
    "BoundSize": {
      "X": 0.984375,
      "Y": 0.953125,
      "Z": 0.84375
    }
  }
}