{
  "LodDetail": {
    "BoundSize": {
      "X": 3.211197,
      "Y": 4.127213,
      "Z": 6.692664
    }
  }
}