{
  "LodDetail": {
    "BoundSize": {
      "X": 1.204042,
      "Y": 0.658582,
      "Z": 2.535141
    }
  }
}