{
  "LodDetail": {
    "BoundSize": {
      "X": 0.6875,
      "Y": 0.101563,
      "Z": 0.203125
    }
  }
}