{
  "LodDetail": {
    "BoundSize": {
      "X": 1.052536,
      "Y": 0.907687,
      "Z": 2.33375
    }
  }
}