{
  "LodDetail": {
    "BoundSize": {
      "X": 3.720623,
      "Y": 5.349688,
      "Z": 3.15937
    }
  }
}