{
  "LodDetail": {
    "BoundSize": {
      "X": 1.205045,
      "Y": 0.670276,
      "Z": 1.317693
    }
  }
}