{
  "LodDetail": {
    "BoundSize": {
      "X": 1.815511,
      "Y": 2.536856,
      "Z": 1.282331
    }
  }
}