{
  "LodDetail": {
    "BoundSize": {
      "X": 0.331289,
      "Y": 0.531094,
      "Z": 1.127146
    }
  }
}