{
  "LodDetail": {
    "BoundSize": {
      "X": 4.480277,
      "Y": 6.355621,
      "Z": 6.464763
    }
  }
}