{
  "LodDetail": {
    "BoundSize": {
      "X": 1.056316,
      "Y": 0.844172,
      "Z": 0.869766
    }
  }
}