{
  "LodDetail": {
    "BoundSize": {
      "X": 7.021403,
      "Y": 8.45481,
      "Z": 6.751349
    }
  }
}