{
  "LodDetail": {
    "BoundSize": {
      "X": 0.276865,
      "Y": 0.138688,
      "Z": 0.042969
    }
  }
}