{
  "LodDetail": {
    "BoundSize": {
      "X": 2.259151,
      "Y": 1.671051,
      "Z": 1.739369
    }
  }
}