{
  "LodDetail": {
    "BoundSize": {
      "X": 3.271236,
      "Y": 5.526674,
      "Z": 3.074749
    }
  }
}