{
  "LodDetail": {
    "BoundSize": {
      "X": 4.110988,
      "Y": 3.195514,
      "Z": 5.154768
    }
  }
}