{
  "LodDetail": {
    "BoundSize": {
      "X": 1.568077,
      "Y": 2.374086,
      "Z": 1.124465
    }
  }
}