{
  "LodDetail": {
    "BoundSize": {
      "X": 18.74844,
      "Y": 15.14297,
      "Z": 18.74844
    }
  }
}