{
  "LodDetail": {
    "BoundSize": {
      "X": 6.27455,
      "Y": 3.186121,
      "Z": 2.499057
    }
  }
}