{
  "LodDetail": {
    "BoundSize": {
      "X": 9.004392,
      "Y": 8.743395,
      "Z": 7.177413
    }
  }
}