{
  "LodDetail": {
    "BoundSize": {
      "X": 13.77843,
      "Y": 10.78312,
      "Z": 13.17937
    }
  }
}