{
  "LodDetail": {
    "BoundSize": {
      "X": 1.305326,
      "Y": 1.140433,
      "Z": 1.691054
    }
  }
}