{
  "LodDetail": {
    "BoundSize": {
      "X": 7.878481,
      "Y": 3.120358,
      "Z": 4.357893
    }
  }
}