{
  "LodDetail": {
    "BoundSize": {
      "X": 1.739821,
      "Y": 7.892371,
      "Z": 1.973815
    }
  }
}