{
  "LodDetail": {
    "BoundSize": {
      "X": 8.653125,
      "Y": 1.997227,
      "Z": 8.653126
    }
  }
}