{
  "LodDetail": {
    "BoundSize": {
      "X": 1.400963,
      "Y": 1.476845,
      "Z": 1.411807
    }
  }
}