{
  "LodDetail": {
    "BoundSize": {
      "X": 4.454759,
      "Y": 38.87679,
      "Z": 3.129871
    }
  }
}