{
  "LodDetail": {
    "BoundSize": {
      "X": 1.699882,
      "Y": 2.077582,
      "Z": 8.73533
    }
  }
}