{
  "LodDetail": {
    "BoundSize": {
      "X": 0.928734,
      "Y": 0.907626,
      "Z": 0.928734
    }
  }
}