{
  "LodDetail": {
    "BoundSize": {
      "X": 0.964171,
      "Y": 1.36729,
      "Z": 0.829229
    }
  }
}