{
  "LodDetail": {
    "BoundSize": {
      "X": 1.914414,
      "Y": 1.576576,
      "Z": 1.689188
    }
  }
}