{
  "LodDetail": {
    "BoundSize": {
      "X": 0.640625,
      "Y": 0.53125,
      "Z": 0.6875
    }
  }
}