{
  "LodDetail": {
    "BoundSize": {
      "X": 7.99607,
      "Y": 3.112085,
      "Z": 7.767611
    }
  }
}