{
  "LodDetail": {
    "BoundSize": {
      "X": 0.386797,
      "Y": 1.371305,
      "Z": 1.438281
    }
  }
}