{
  "LodDetail": {
    "BoundSize": {
      "X": 9.307273,
      "Y": 2.888969,
      "Z": 2.921601
    }
  }
}