{
  "LodDetail": {
    "BoundSize": {
      "X": 2.387106,
      "Y": 2.562559,
      "Z": 2.510947
    }
  }
}