{
  "LodDetail": {
    "BoundSize": {
      "X": 2.174452,
      "Y": 6.596182,
      "Z": 3.908416
    }
  }
}