{
  "LodDetail": {
    "BoundSize": {
      "X": 0.59375,
      "Y": 0.996,
      "Z": 0.409195
    }
  }
}