{
  "LodDetail": {
    "BoundSize": {
      "X": 1.391231,
      "Y": 2.200423,
      "Z": 1.800621
    }
  }
}