{
  "LodDetail": {
    "BoundSize": {
      "X": 2.995312,
      "Y": 2.329687,
      "Z": 4.271094
    }
  }
}