{
  "LodDetail": {
    "BoundSize": {
      "X": 0.632767,
      "Y": 0.484507,
      "Z": 0.704401
    }
  }
}