{
  "LodDetail": {
    "BoundSize": {
      "X": 1.121403,
      "Y": 3.03383,
      "Z": 0.784982
    }
  }
}