{
  "LodDetail": {
    "BoundSize": {
      "X": 40.24269,
      "Y": 38.48984,
      "Z": 57.99223
    }
  }
}