{
  "LodDetail": {
    "BoundSize": {
      "X": 0.91088,
      "Y": 1.005986,
      "Z": 1.076606
    }
  }
}