{
  "LodDetail": {
    "BoundSize": {
      "X": 3.524923,
      "Y": 2.477085,
      "Z": 4.508868
    }
  }
}