{
  "LodDetail": {
    "BoundSize": {
      "X": 5.467399,
      "Y": 5.920991,
      "Z": 5.920991
    }
  }
}