{
  "LodDetail": {
    "BoundSize": {
      "X": 1.636302,
      "Y": 1.718794,
      "Z": 1.164434
    }
  }
}