{
  "LodDetail": {
    "BoundSize": {
      "X": 4.135218,
      "Y": 5.703393,
      "Z": 4.135217
    }
  }
}