{
  "LodDetail": {
    "BoundSize": {
      "X": 0.645886,
      "Y": 0.672943,
      "Z": 1.557168
    }
  }
}