{
  "LodDetail": {
    "BoundSize": {
      "X": 0.780219,
      "Y": 1.420284,
      "Z": 2.776108
    }
  }
}