{
  "LodDetail": {
    "BoundSize": {
      "X": 31.47839,
      "Y": 8.061535,
      "Z": 31.09451
    }
  }
}