{
  "LodDetail": {
    "BoundSize": {
      "X": 0.917138,
      "Y": 1.36729,
      "Z": 0.852745
    }
  }
}