{
  "LodDetail": {
    "BoundSize": {
      "X": 0.182564,
      "Y": 0.452097,
      "Z": 0.291108
    }
  }
}