{
  "LodDetail": {
    "BoundSize": {
      "X": 1.833454,
      "Y": 6.601645,
      "Z": 1.824254
    }
  }
}