{
  "LodDetail": {
    "BoundSize": {
      "X": 1.096875,
      "Y": 1.127848,
      "Z": 12.61719
    }
  }
}