{
  "LodDetail": {
    "BoundSize": {
      "X": 1.786093,
      "Y": 1.747265,
      "Z": 1.86375
    }
  }
}