{
  "LodDetail": {
    "BoundSize": {
      "X": 8.534149,
      "Y": 6.288847,
      "Z": 8.5748
    }
  }
}