{
  "LodDetail": {
    "BoundSize": {
      "X": 1.210903,
      "Y": 0.568719,
      "Z": 1.322409
    }
  }
}