{
  "LodDetail": {
    "BoundSize": {
      "X": 3.508253,
      "Y": 3.396287,
      "Z": 3.470931
    }
  }
}