{
  "LodDetail": {
    "BoundSize": {
      "X": 4.380019,
      "Y": 3.843785,
      "Z": 4.38002
    }
  }
}