{
  "LodDetail": {
    "BoundSize": {
      "X": 1.366685,
      "Y": 1.366685,
      "Z": 1.366685
    }
  }
}