{
  "LodDetail": {
    "BoundSize": {
      "X": 1.473694,
      "Y": 2.154494,
      "Z": 1.467315
    }
  }
}