{
  "LodDetail": {
    "BoundSize": {
      "X": 1.40044,
      "Y": 0.438467,
      "Z": 0.280268
    }
  }
}