{
  "LodDetail": {
    "BoundSize": {
      "X": 0.993885,
      "Y": 1.65625,
      "Z": 1.655625
    }
  }
}