{
  "LodDetail": {
    "BoundSize": {
      "X": 8.705113,
      "Y": 5.73543,
      "Z": 10.44064
    }
  }
}