{
  "LodDetail": {
    "BoundSize": {
      "X": 0.705955,
      "Y": 0.384718,
      "Z": 0.352455
    }
  }
}