{
  "LodDetail": {
    "BoundSize": {
      "X": 2.721146,
      "Y": 3.898252,
      "Z": 4.40312
    }
  }
}