{
  "LodDetail": {
    "BoundSize": {
      "X": 10.71761,
      "Y": 9.769682,
      "Z": 7.568152
    }
  }
}