{
  "LodDetail": {
    "BoundSize": {
      "X": 21.28391,
      "Y": 31.28436,
      "Z": 15.237
    }
  }
}