{
  "LodDetail": {
    "BoundSize": {
      "X": 4.544805,
      "Y": 3.090045,
      "Z": 3.475811
    }
  }
}