{
  "LodDetail": {
    "BoundSize": {
      "X": 72.86481,
      "Y": 74.88882,
      "Z": 73.262
    }
  }
}