{
  "LodDetail": {
    "BoundSize": {
      "X": 0.703125,
      "Y": 0.5625,
      "Z": 0.609375
    }
  }
}