{
  "LodDetail": {
    "BoundSize": {
      "X": 1.055646,
      "Y": 0.159375,
      "Z": 1.326516
    }
  }
}