{
  "LodDetail": {
    "BoundSize": {
      "X": 6.039649,
      "Y": 2.954543,
      "Z": 11.80781
    }
  }
}