{
  "LodDetail": {
    "BoundSize": {
      "X": 2.713154,
      "Y": 2.713154,
      "Z": 6.216047
    }
  }
}