{
  "LodDetail": {
    "BoundSize": {
      "X": 1.503984,
      "Y": 0.793832,
      "Z": 0.738376
    }
  }
}