{
  "LodDetail": {
    "BoundSize": {
      "X": 4.975547,
      "Y": 3.53336,
      "Z": 5.047657
    }
  }
}