{
  "LodDetail": {
    "BoundSize": {
      "X": 0.29375,
      "Y": 0.791857,
      "Z": 0.323125
    }
  }
}