{
  "LodDetail": {
    "BoundSize": {
      "X": 3.68861,
      "Y": 3.68861,
      "Z": 3.68861
    }
  }
}