{
  "LodDetail": {
    "BoundSize": {
      "X": 11.46251,
      "Y": 11.90371,
      "Z": 11.09044
    }
  }
}