{
  "LodDetail": {
    "BoundSize": {
      "X": 0.364479,
      "Y": 0.312411,
      "Z": 0.41836
    }
  }
}