{
  "LodDetail": {
    "BoundSize": {
      "X": 2.365669,
      "Y": 1.012926,
      "Z": 2.615061
    }
  }
}