{
  "LodDetail": {
    "BoundSize": {
      "X": 0.63052,
      "Y": 0.50156,
      "Z": 0.426777
    }
  }
}