{
  "LodDetail": {
    "BoundSize": {
      "X": 0.6875,
      "Y": 0.546875,
      "Z": 0.695313
    }
  }
}