{
  "LodDetail": {
    "BoundSize": {
      "X": 7.865484,
      "Y": 7.173124,
      "Z": 6.835466
    }
  }
}