{
  "LodDetail": {
    "BoundSize": {
      "X": 1.261583,
      "Y": 4.046021,
      "Z": 1.263663
    }
  }
}