{
  "LodDetail": {
    "BoundSize": {
      "X": 2.475157,
      "Y": 7.341493,
      "Z": 8.180984
    }
  }
}