{
  "LodDetail": {
    "BoundSize": {
      "X": 6.240448,
      "Y": 5.059809,
      "Z": 6.000431
    }
  }
}