{
  "LodDetail": {
    "BoundSize": {
      "X": 1.910344,
      "Y": 1.773891,
      "Z": 1.876231
    }
  }
}