{
  "LodDetail": {
    "BoundSize": {
      "X": 0.29471,
      "Y": 0.29471,
      "Z": 0.29471
    }
  }
}