{
  "LodDetail": {
    "BoundSize": {
      "X": 1.263125,
      "Y": 0.882813,
      "Z": 2.06
    }
  }
}