{
  "LodDetail": {
    "BoundSize": {
      "X": 3.373212,
      "Y": 3.614156,
      "Z": 3.614156
    }
  }
}