{
  "LodDetail": {
    "BoundSize": {
      "X": 0.752524,
      "Y": 0.485364,
      "Z": 0.823073
    }
  }
}