{
  "LodDetail": {
    "BoundSize": {
      "X": 3.611303,
      "Y": 2.609426,
      "Z": 3.611304
    }
  }
}