{
  "LodDetail": {
    "BoundSize": {
      "X": 0.265625,
      "Y": 0.528438,
      "Z": 0.25125
    }
  }
}