{
  "LodDetail": {
    "BoundSize": {
      "X": 25.4933,
      "Y": 12.59532,
      "Z": 25.69559
    }
  }
}