{
  "LodDetail": {
    "BoundSize": {
      "X": 1.243828,
      "Y": 0.35432,
      "Z": 0.763056
    }
  }
}