{
  "LodDetail": {
    "BoundSize": {
      "X": 0.211455,
      "Y": 0.241663,
      "Z": 1.510391
    }
  }
}