{
  "LodDetail": {
    "BoundSize": {
      "X": 0.323788,
      "Y": 1.172733,
      "Z": 2.219009
    }
  }
}