{
  "LodDetail": {
    "BoundSize": {
      "X": 1.071328,
      "Y": 1.21045,
      "Z": 0.95939
    }
  }
}