{
  "LodDetail": {
    "BoundSize": {
      "X": 1.205274,
      "Y": 5.019567,
      "Z": 4.26973
    }
  }
}