{
  "LodDetail": {
    "BoundSize": {
      "X": 1.106137,
      "Y": 2.583118,
      "Z": 1.503198
    }
  }
}