{
  "LodDetail": {
    "BoundSize": {
      "X": 1.770438,
      "Y": 1.665625,
      "Z": 1.464375
    }
  }
}