{
  "LodDetail": {
    "BoundSize": {
      "X": 1.804254,
      "Y": 1.873648,
      "Z": 0.555155
    }
  }
}