{
  "LodDetail": {
    "BoundSize": {
      "X": 1.514297,
      "Y": 3.161148,
      "Z": 2.213203
    }
  }
}