{
  "LodDetail": {
    "BoundSize": {
      "X": 0.640625,
      "Y": 0.757813,
      "Z": 0.640625
    }
  }
}