{
  "LodDetail": {
    "BoundSize": {
      "X": 1.374391,
      "Y": 1.325241,
      "Z": 2.617158
    }
  }
}