{
  "LodDetail": {
    "BoundSize": {
      "X": 1.702843,
      "Y": 6.601645,
      "Z": 2.304479
    }
  }
}