{
  "LodDetail": {
    "BoundSize": {
      "X": 9.984376,
      "Y": 8.736329,
      "Z": 13.52719
    }
  }
}