{
  "LodDetail": {
    "BoundSize": {
      "X": 1.068986,
      "Y": 0.69349,
      "Z": 1.340183
    }
  }
}