{
  "LodDetail": {
    "BoundSize": {
      "X": 18.9172,
      "Y": 12.33436,
      "Z": 18.01438
    }
  }
}