{
  "LodDetail": {
    "BoundSize": {
      "X": 4.408902,
      "Y": 4.515065,
      "Z": 4.682722
    }
  }
}