{
  "LodDetail": {
    "BoundSize": {
      "X": 0.977189,
      "Y": 1.036033,
      "Z": 0.958715
    }
  }
}