{
  "LodDetail": {
    "BoundSize": {
      "X": 13.23888,
      "Y": 0.388733,
      "Z": 13.04975
    }
  }
}