{
  "LodDetail": {
    "BoundSize": {
      "X": 10.78545,
      "Y": 4.902479,
      "Z": 10.78545
    }
  }
}