{
  "LodDetail": {
    "BoundSize": {
      "X": 7.166646,
      "Y": 4.609722,
      "Z": 3.068681
    }
  }
}