{
  "LodDetail": {
    "BoundSize": {
      "X": 1.011957,
      "Y": 1.943789,
      "Z": 1.45844
    }
  }
}