{
  "LodDetail": {
    "BoundSize": {
      "X": 0.800449,
      "Y": 0.927246,
      "Z": 0.912793
    }
  }
}