{
  "LodDetail": {
    "BoundSize": {
      "X": 2.660547,
      "Y": 2.195391,
      "Z": 2.888594
    }
  }
}