{
  "LodDetail": {
    "BoundSize": {
      "X": 0.983281,
      "Y": 2.033594,
      "Z": 0.976563
    }
  }
}