{
  "LodDetail": {
    "BoundSize": {
      "X": 3.123295,
      "Y": 3.333151,
      "Z": 3.28073
    }
  }
}