{
  "LodDetail": {
    "BoundSize": {
      "X": 2.130002,
      "Y": 5.657816,
      "Z": 2.218776
    }
  }
}