{
  "LodDetail": {
    "BoundSize": {
      "X": 23.37038,
      "Y": 12.05671,
      "Z": 12.81183
    }
  }
}