{
  "LodDetail": {
    "BoundSize": {
      "X": 1.247188,
      "Y": 0.90625,
      "Z": 2.06
    }
  }
}