{
  "LodDetail": {
    "BoundSize": {
      "X": 1.289747,
      "Y": 1.324605,
      "Z": 1.324605
    }
  }
}