{
  "LodDetail": {
    "BoundSize": {
      "X": 12.61191,
      "Y": 3.99375,
      "Z": 11.89123
    }
  }
}