{
  "LodDetail": {
    "BoundSize": {
      "X": 12.97225,
      "Y": 3.99375,
      "Z": 12.61191
    }
  }
}