{
  "LodDetail": {
    "BoundSize": {
      "X": 1.018656,
      "Y": 1.603518,
      "Z": 1.586446
    }
  }
}