{
  "LodDetail": {
    "BoundSize": {
      "X": 2.959281,
      "Y": 2.344366,
      "Z": 2.382798
    }
  }
}