{
  "LodDetail": {
    "BoundSize": {
      "X": 4.230465,
      "Y": 2.693445,
      "Z": 4.227808
    }
  }
}