{
  "LodDetail": {
    "BoundSize": {
      "X": 1.820509,
      "Y": 10.93303,
      "Z": 11.74426
    }
  }
}