{
  "LodDetail": {
    "BoundSize": {
      "X": 0.523438,
      "Y": 0.570313,
      "Z": 0.585938
    }
  }
}