{
  "LodDetail": {
    "BoundSize": {
      "X": 5.049983,
      "Y": 3.986715,
      "Z": 8.945812
    }
  }
}