{
  "LodDetail": {
    "BoundSize": {
      "X": 5.690281,
      "Y": 0.764337,
      "Z": 5.840027
    }
  }
}