{
  "LodDetail": {
    "BoundSize": {
      "X": 0.68125,
      "Y": 0.625,
      "Z": 0.601563
    }
  }
}