{
  "LodDetail": {
    "BoundSize": {
      "X": 0.713584,
      "Y": 0.713584,
      "Z": 0.712469
    }
  }
}