{
  "LodDetail": {
    "BoundSize": {
      "X": 1.111208,
      "Y": 1.201798,
      "Z": 1.111208
    }
  }
}