{
  "LodDetail": {
    "BoundSize": {
      "X": 2.329687,
      "Y": 0.332813,
      "Z": 2.329687
    }
  }
}