{
  "LodDetail": {
    "BoundSize": {
      "X": 3.247247,
      "Y": 1.356677,
      "Z": 1.980039
    }
  }
}