{
  "LodDetail": {
    "BoundSize": {
      "X": 2.072316,
      "Y": 2.750424,
      "Z": 2.05199
    }
  }
}