{
  "LodDetail": {
    "BoundSize": {
      "X": 0.32488,
      "Y": 0.662347,
      "Z": 0.27509
    }
  }
}