{
  "LodDetail": {
    "BoundSize": {
      "X": 8.784219,
      "Y": 8.425679,
      "Z": 8.515314
    }
  }
}