{
  "LodDetail": {
    "BoundSize": {
      "X": 25.47923,
      "Y": 26.55733,
      "Z": 15.17734
    }
  }
}