{
  "LodDetail": {
    "BoundSize": {
      "X": 0.742188,
      "Y": 0.578125,
      "Z": 0.46875
    }
  }
}