{
  "LodDetail": {
    "BoundSize": {
      "X": 1.776716,
      "Y": 2.475,
      "Z": 1.419141
    }
  }
}