{
  "LodDetail": {
    "BoundSize": {
      "X": 1.961971,
      "Y": 2.716352,
      "Z": 3.057703
    }
  }
}