{
  "LodDetail": {
    "BoundSize": {
      "X": 4.104687,
      "Y": 4.104687,
      "Z": 4.104687
    }
  }
}