{
  "LodDetail": {
    "BoundSize": {
      "X": 2.110929,
      "Y": 2.178011,
      "Z": 6.296344
    }
  }
}