{
  "LodDetail": {
    "BoundSize": {
      "X": 0.970481,
      "Y": 2.92772,
      "Z": 1.326637
    }
  }
}