{
  "LodDetail": {
    "BoundSize": {
      "X": 0.676523,
      "Y": 0.694704,
      "Z": 0.637647
    }
  }
}