{
  "LodDetail": {
    "BoundSize": {
      "X": 0.825125,
      "Y": 0.432,
      "Z": 0.28125
    }
  }
}