{
  "LodDetail": {
    "BoundSize": {
      "X": 13.31708,
      "Y": 3.15107,
      "Z": 14.29994
    }
  }
}