{
  "LodDetail": {
    "BoundSize": {
      "X": 1.05435,
      "Y": 1.101101,
      "Z": 1.076145
    }
  }
}