{
  "LodDetail": {
    "BoundSize": {
      "X": 1.087487,
      "Y": 1.497243,
      "Z": 1.24117
    }
  }
}