{
  "LodDetail": {
    "BoundSize": {
      "X": 5.38489,
      "Y": 3.528313,
      "Z": 13.10753
    }
  }
}