{
  "LodDetail": {
    "BoundSize": {
      "X": 9.285515,
      "Y": 11.48378,
      "Z": 7.914289
    }
  }
}