{
  "LodDetail": {
    "BoundSize": {
      "X": 1.090812,
      "Y": 2.374448,
      "Z": 0.83574
    }
  }
}