{
  "LodDetail": {
    "BoundSize": {
      "X": 2.91874,
      "Y": 2.964482,
      "Z": 3.205342
    }
  }
}