{
  "LodDetail": {
    "BoundSize": {
      "X": 0.182564,
      "Y": 0.471621,
      "Z": 0.27133
    }
  }
}