{
  "LodDetail": {
    "BoundSize": {
      "X": 0.505547,
      "Y": 0.513973,
      "Z": 0.564527
    }
  }
}