{
  "LodDetail": {
    "BoundSize": {
      "X": 0.144215,
      "Y": 0.191268,
      "Z": 0.168123
    }
  }
}