{
  "LodDetail": {
    "BoundSize": {
      "X": 4.307109,
      "Y": 4.40625,
      "Z": 1.273562
    }
  }
}