{
  "LodDetail": {
    "BoundSize": {
      "X": 5.788885,
      "Y": 1.827897,
      "Z": 4.273461
    }
  }
}