{
  "LodDetail": {
    "BoundSize": {
      "X": 18.32759,
      "Y": 13.02449,
      "Z": 16.28472
    }
  }
}