{
  "LodDetail": {
    "BoundSize": {
      "X": 18.18139,
      "Y": 32.6586,
      "Z": 15.12429
    }
  }
}