{
  "LodDetail": {
    "BoundSize": {
      "X": 0.567273,
      "Y": 0.575385,
      "Z": 0.570391
    }
  }
}