{
  "LodDetail": {
    "BoundSize": {
      "X": 0.693911,
      "Y": 1.095589,
      "Z": 0.899881
    }
  }
}