{
  "LodDetail": {
    "BoundSize": {
      "X": 1.921025,
      "Y": 1.535611,
      "Z": 1.497221
    }
  }
}