{
  "LodDetail": {
    "BoundSize": {
      "X": 0.806779,
      "Y": 1.005986,
      "Z": 1.050348
    }
  }
}