{
  "LodDetail": {
    "BoundSize": {
      "X": 1.897298,
      "Y": 2.086675,
      "Z": 1.99452
    }
  }
}