{
  "LodDetail": {
    "BoundSize": {
      "X": 3.965865,
      "Y": 3.965865,
      "Z": 10.1666
    }
  }
}