{
  "LodDetail": {
    "BoundSize": {
      "X": 0.560938,
      "Y": 0.195313,
      "Z": 0.203125
    }
  }
}