{
  "LodDetail": {
    "BoundSize": {
      "X": 0.582867,
      "Y": 1.295452,
      "Z": 1.239879
    }
  }
}