{
  "LodDetail": {
    "BoundSize": {
      "X": 23.37193,
      "Y": 3.606032,
      "Z": 39.91099
    }
  }
}