{
  "LodDetail": {
    "BoundSize": {
      "X": 0.313194,
      "Y": 1.319749,
      "Z": 0.250555
    }
  }
}