{
  "LodDetail": {
    "BoundSize": {
      "X": 1.653468,
      "Y": 1.688648,
      "Z": 1.69283
    }
  }
}