{
  "LodDetail": {
    "BoundSize": {
      "X": 3.94009,
      "Y": 5.332289,
      "Z": 4.850356
    }
  }
}