{
  "LodDetail": {
    "BoundSize": {
      "X": 4.230047,
      "Y": 0.750492,
      "Z": 5.225138
    }
  }
}