{
  "LodDetail": {
    "BoundSize": {
      "X": 0.84221,
      "Y": 0.935432,
      "Z": 0.867774
    }
  }
}