{
  "LodDetail": {
    "BoundSize": {
      "X": 17.97187,
      "Y": 17.37281,
      "Z": 16.17468
    }
  }
}