{
  "LodDetail": {
    "BoundSize": {
      "X": 16.01164,
      "Y": 9.556878,
      "Z": 18.85037
    }
  }
}