{
  "LodDetail": {
    "BoundSize": {
      "X": 3.17,
      "Y": 0.804688,
      "Z": 0.976563
    }
  }
}