{
  "LodDetail": {
    "BoundSize": {
      "X": 73.95583,
      "Y": 272.7382,
      "Z": 38.49799
    }
  }
}