{
  "LodDetail": {
    "BoundSize": {
      "X": 7.073418,
      "Y": 8.624281,
      "Z": 8.083905
    }
  }
}