{
  "LodDetail": {
    "BoundSize": {
      "X": 1.128784,
      "Y": 1.130828,
      "Z": 1.118436
    }
  }
}