{
  "LodDetail": {
    "BoundSize": {
      "X": 1.202199,
      "Y": 1.571254,
      "Z": 1.335171
    }
  }
}