{
  "LodDetail": {
    "BoundSize": {
      "X": 54.66766,
      "Y": 36.91842,
      "Z": 53.95769
    }
  }
}