{
  "LodDetail": {
    "BoundSize": {
      "X": 11.66236,
      "Y": 4.591838,
      "Z": 11.5504
    }
  }
}