{
  "LodDetail": {
    "BoundSize": {
      "X": 2.42271,
      "Y": 3.676909,
      "Z": 6.848432
    }
  }
}