{
  "LodDetail": {
    "BoundSize": {
      "X": 14.34968,
      "Y": 32.62735,
      "Z": 14.27602
    }
  }
}