{
  "LodDetail": {
    "BoundSize": {
      "X": 0.976563,
      "Y": 0.984375,
      "Z": 0.820313
    }
  }
}