{
  "LodDetail": {
    "BoundSize": {
      "X": 1.331446,
      "Y": 0.854055,
      "Z": 1.181703
    }
  }
}