{
  "LodDetail": {
    "BoundSize": {
      "X": 6.175159,
      "Y": 5.838866,
      "Z": 6.472809
    }
  }
}