{
  "LodDetail": {
    "BoundSize": {
      "X": 0.140625,
      "Y": 0.601563,
      "Z": 0.671875
    }
  }
}