{
  "LodDetail": {
    "BoundSize": {
      "X": 11.62179,
      "Y": 8.549286,
      "Z": 10.82029
    }
  }
}