{
  "LodDetail": {
    "BoundSize": {
      "X": 2.936889,
      "Y": 2.675313,
      "Z": 2.913631
    }
  }
}