{
  "LodDetail": {
    "BoundSize": {
      "X": 9.770685,
      "Y": 9.758408,
      "Z": 8.985937
    }
  }
}