{
  "LodDetail": {
    "BoundSize": {
      "X": 1.438875,
      "Y": 2.172478,
      "Z": 2.260183
    }
  }
}