{
  "LodDetail": {
    "BoundSize": {
      "X": 1.892039,
      "Y": 1.302485,
      "Z": 2.000039
    }
  }
}