{
  "LodDetail": {
    "BoundSize": {
      "X": 0.863672,
      "Y": 0.5625,
      "Z": 1.400156
    }
  }
}