{
  "LodDetail": {
    "BoundSize": {
      "X": 1.164844,
      "Y": 1.164844,
      "Z": 1.164844
    }
  }
}