{
  "LodDetail": {
    "BoundSize": {
      "X": 1.291125,
      "Y": 0.974448,
      "Z": 1.552566
    }
  }
}