{
  "LodDetail": {
    "BoundSize": {
      "X": 0.792308,
      "Y": 2.307096,
      "Z": 0.733927
    }
  }
}