{
  "LodDetail": {
    "BoundSize": {
      "X": 0.625,
      "Y": 0.617188,
      "Z": 0.570313
    }
  }
}