{
  "LodDetail": {
    "BoundSize": {
      "X": 4.182961,
      "Y": 3.788611,
      "Z": 3.062526
    }
  }
}