{
  "LodDetail": {
    "BoundSize": {
      "X": 0.859297,
      "Y": 1.778516,
      "Z": 1.649727
    }
  }
}