{
  "LodDetail": {
    "BoundSize": {
      "X": 3.6754,
      "Y": 0.828246,
      "Z": 9.099632
    }
  }
}