{
  "LodDetail": {
    "BoundSize": {
      "X": 0.334875,
      "Y": 0.791857,
      "Z": 0.38775
    }
  }
}