{
  "LodDetail": {
    "BoundSize": {
      "X": 10.61432,
      "Y": 11.79369,
      "Z": 10.17206
    }
  }
}