{
  "LodDetail": {
    "BoundSize": {
      "X": 3.257866,
      "Y": 4.26,
      "Z": 3.436753
    }
  }
}