{
  "LodDetail": {
    "BoundSize": {
      "X": 2.745703,
      "Y": 3.757325,
      "Z": 2.745703
    }
  }
}