{
  "LodDetail": {
    "BoundSize": {
      "X": 26.77236,
      "Y": 24.36044,
      "Z": 61.30903
    }
  }
}