{
  "LodDetail": {
    "BoundSize": {
      "X": 12.71855,
      "Y": 7.891127,
      "Z": 11.23023
    }
  }
}