{
  "LodDetail": {
    "BoundSize": {
      "X": 12.41674,
      "Y": 6.463073,
      "Z": 15.54223
    }
  }
}