{
  "LodDetail": {
    "BoundSize": {
      "X": 3.313532,
      "Y": 3.635579,
      "Z": 2.72356
    }
  }
}