{
  "LodDetail": {
    "BoundSize": {
      "X": 1.965502,
      "Y": 42.13544,
      "Z": 40.59995
    }
  }
}