{
  "LodDetail": {
    "BoundSize": {
      "X": 0.454771,
      "Y": 0.596887,
      "Z": 1.383041
    }
  }
}