{
  "LodDetail": {
    "BoundSize": {
      "X": 11.98954,
      "Y": 3.837577,
      "Z": 12.28409
    }
  }
}