{
  "LodDetail": {
    "BoundSize": {
      "X": 17.25954,
      "Y": 102.0623,
      "Z": 23.51667
    }
  }
}