{
  "LodDetail": {
    "BoundSize": {
      "X": 1.909013,
      "Y": 0.831514,
      "Z": 0.49369
    }
  }
}