{
  "LodDetail": {
    "BoundSize": {
      "X": 1.730663,
      "Y": 3.567858,
      "Z": 10.78328
    }
  }
}