{
  "LodDetail": {
    "BoundSize": {
      "X": 1.576581,
      "Y": 1.561157,
      "Z": 2.049975
    }
  }
}