{
  "LodDetail": {
    "BoundSize": {
      "X": 2.263497,
      "Y": 3.716548,
      "Z": 3.517832
    }
  }
}