{
  "LodDetail": {
    "BoundSize": {
      "X": 4.677258,
      "Y": 2.111008,
      "Z": 11.03968
    }
  }
}