{
  "LodDetail": {
    "BoundSize": {
      "X": 1.007149,
      "Y": 0.881284,
      "Z": 3.811183
    }
  }
}