{
  "LodDetail": {
    "BoundSize": {
      "X": 1.176044,
      "Y": 1.340823,
      "Z": 3.691508
    }
  }
}