{
  "LodDetail": {
    "BoundSize": {
      "X": 0.664063,
      "Y": 0.546875,
      "Z": 0.71875
    }
  }
}