{
  "LodDetail": {
    "BoundSize": {
      "X": 1.162322,
      "Y": 1.786486,
      "Z": 0.983134
    }
  }
}