{
  "LodDetail": {
    "BoundSize": {
      "X": 1.283468,
      "Y": 1.529297,
      "Z": 1.000613
    }
  }
}