{
  "LodDetail": {
    "BoundSize": {
      "X": 1.707523,
      "Y": 0.730367,
      "Z": 1.128275
    }
  }
}