{
  "LodDetail": {
    "BoundSize": {
      "X": 4.232504,
      "Y": 9.176987,
      "Z": 5.512423
    }
  }
}