{
  "LodDetail": {
    "BoundSize": {
      "X": 0.636446,
      "Y": 0.963,
      "Z": 0.854917
    }
  }
}