{
  "LodDetail": {
    "BoundSize": {
      "X": 5.638233,
      "Y": 7.31189,
      "Z": 5.638232
    }
  }
}