{
  "LodDetail": {
    "BoundSize": {
      "X": 0.598359,
      "Y": 0.698312,
      "Z": 0.492349
    }
  }
}