{
  "LodDetail": {
    "BoundSize": {
      "X": 1.71931,
      "Y": 1.71931,
      "Z": 1.7466
    }
  }
}