{
  "LodDetail": {
    "BoundSize": {
      "X": 2.473825,
      "Y": 0.395791,
      "Z": 1.626404
    }
  }
}