{
  "LodDetail": {
    "BoundSize": {
      "X": 1.311784,
      "Y": 1.311784,
      "Z": 1.37425
    }
  }
}