{
  "LodDetail": {
    "BoundSize": {
      "X": 0.371844,
      "Y": 0.964148,
      "Z": 1.072375
    }
  }
}