{
  "LodDetail": {
    "BoundSize": {
      "X": 0.640625,
      "Y": 1.053786,
      "Z": 1.929414
    }
  }
}