{
  "LodDetail": {
    "BoundSize": {
      "X": 0.659058,
      "Y": 1.9017,
      "Z": 3.366436
    }
  }
}