{
  "LodDetail": {
    "BoundSize": {
      "X": 0.25,
      "Y": 0.585588,
      "Z": 0.93069
    }
  }
}