{
  "LodDetail": {
    "BoundSize": {
      "X": 0.814063,
      "Y": 0.584688,
      "Z": 0.601563
    }
  }
}