{
  "LodDetail": {
    "BoundSize": {
      "X": 12.03811,
      "Y": 16.60074,
      "Z": 13.54287
    }
  }
}