{
  "LodDetail": {
    "BoundSize": {
      "X": 2.600111,
      "Y": 2.616284,
      "Z": 2.594049
    }
  }
}