{
  "LodDetail": {
    "BoundSize": {
      "X": 3.811918,
      "Y": 6.374851,
      "Z": 3.786903
    }
  }
}