{
  "LodDetail": {
    "BoundSize": {
      "X": 0.98591,
      "Y": 0.1205,
      "Z": 0.591546
    }
  }
}