{
  "LodDetail": {
    "BoundSize": {
      "X": 0.632813,
      "Y": 1.196376,
      "Z": 0.671875
    }
  }
}