{
  "LodDetail": {
    "BoundSize": {
      "X": 0.007898,
      "Y": 1.980156,
      "Z": 0.172463
    }
  }
}