{
  "LodDetail": {
    "BoundSize": {
      "X": 0.234375,
      "Y": 0.125,
      "Z": 0.09375
    }
  }
}