{
  "LodDetail": {
    "BoundSize": {
      "X": 3.618185,
      "Y": 2.647982,
      "Z": 1.853006
    }
  }
}