{
  "LodDetail": {
    "BoundSize": {
      "X": 1.352206,
      "Y": 1.419173,
      "Z": 1.044611
    }
  }
}