{
  "LodDetail": {
    "BoundSize": {
      "X": 13.20156,
      "Y": 13.20157,
      "Z": 13.20157
    }
  }
}