{
  "LodDetail": {
    "BoundSize": {
      "X": 0.867188,
      "Y": 1.638688,
      "Z": 0.8125
    }
  }
}