{
  "LodDetail": {
    "BoundSize": {
      "X": 1.322751,
      "Y": 2.125118,
      "Z": 1.697557
    }
  }
}