{
  "LodDetail": {
    "BoundSize": {
      "X": 0.371741,
      "Y": 0.2806,
      "Z": 0.221706
    }
  }
}