{
  "LodDetail": {
    "BoundSize": {
      "X": 4.965032,
      "Y": 5.346958,
      "Z": 5.824365
    }
  }
}