{
  "LodDetail": {
    "BoundSize": {
      "X": 1.790785,
      "Y": 4.245759,
      "Z": 1.794166
    }
  }
}