{
  "LodDetail": {
    "BoundSize": {
      "X": 12.09948,
      "Y": 9.753234,
      "Z": 6.725852
    }
  }
}