{
  "LodDetail": {
    "BoundSize": {
      "X": 0.327686,
      "Y": 0.18165,
      "Z": 0.04375
    }
  }
}