{
  "LodDetail": {
    "BoundSize": {
      "X": 1.328829,
      "Y": 2.410738,
      "Z": 1.769419
    }
  }
}