{
  "LodDetail": {
    "BoundSize": {
      "X": 1.341123,
      "Y": 1.462027,
      "Z": 1.29165
    }
  }
}