{
  "LodDetail": {
    "BoundSize": {
      "X": 15.28063,
      "Y": 8.434652,
      "Z": 15.26007
    }
  }
}