{
  "LodDetail": {
    "BoundSize": {
      "X": 22.97809,
      "Y": 35.29417,
      "Z": 28.25513
    }
  }
}