{
  "LodDetail": {
    "BoundSize": {
      "X": 10.18407,
      "Y": 4.526252,
      "Z": 10.18407
    }
  }
}