{
  "LodDetail": {
    "BoundSize": {
      "X": 17.26405,
      "Y": 15.48492,
      "Z": 14.18131
    }
  }
}