{
  "LodDetail": {
    "BoundSize": {
      "X": 1.298091,
      "Y": 0.625,
      "Z": 1.303548
    }
  }
}