{
  "LodDetail": {
    "BoundSize": {
      "X": 0.73737,
      "Y": 1.597841,
      "Z": 0.295251
    }
  }
}