{
  "LodDetail": {
    "BoundSize": {
      "X": 2.046338,
      "Y": 3.66663,
      "Z": 2.040572
    }
  }
}