{
  "LodDetail": {
    "BoundSize": {
      "X": 2.359408,
      "Y": 1.844421,
      "Z": 2.523474
    }
  }
}