{
  "LodDetail": {
    "BoundSize": {
      "X": 1.054922,
      "Y": 1.342628,
      "Z": 6.929862
    }
  }
}