{
  "LodDetail": {
    "BoundSize": {
      "X": 2.682073,
      "Y": 0.51939,
      "Z": 9.692462
    }
  }
}