{
  "LodDetail": {
    "BoundSize": {
      "X": 0.09375,
      "Y": 0.0875,
      "Z": 0.09375
    }
  }
}