{
  "LodDetail": {
    "BoundSize": {
      "X": 1.285842,
      "Y": 0.59125,
      "Z": 0.799547
    }
  }
}