{
  "LodDetail": {
    "BoundSize": {
      "X": 1.936992,
      "Y": 6.601645,
      "Z": 2.179028
    }
  }
}