{
  "LodDetail": {
    "BoundSize": {
      "X": 2.096022,
      "Y": 2.328137,
      "Z": 6.246742
    }
  }
}