{
  "LodDetail": {
    "BoundSize": {
      "X": 0.919484,
      "Y": 0.859277,
      "Z": 0.603566
    }
  }
}