{
  "LodDetail": {
    "BoundSize": {
      "X": 5.784889,
      "Y": 0.938115,
      "Z": 22.67579
    }
  }
}