{
  "LodDetail": {
    "BoundSize": {
      "X": 8.021698,
      "Y": 8.093268,
      "Z": 8.021698
    }
  }
}