{
  "LodDetail": {
    "BoundSize": {
      "X": 1.881308,
      "Y": 1.884714,
      "Z": 1.86406
    }
  }
}