{
  "LodDetail": {
    "BoundSize": {
      "X": 0.109375,
      "Y": 0.997358,
      "Z": 1.766458
    }
  }
}