{
  "LodDetail": {
    "BoundSize": {
      "X": 0.369879,
      "Y": 0.493172,
      "Z": 0.812906
    }
  }
}