{
  "LodDetail": {
    "BoundSize": {
      "X": 1.208596,
      "Y": 0.908957,
      "Z": 0.964545
    }
  }
}