{
  "LodDetail": {
    "BoundSize": {
      "X": 1.106165,
      "Y": 1.424885,
      "Z": 1.292474
    }
  }
}