{
  "LodDetail": {
    "BoundSize": {
      "X": 7.654687,
      "Y": 1.997227,
      "Z": 7.654689
    }
  }
}