{
  "LodDetail": {
    "BoundSize": {
      "X": 0.1875,
      "Y": 0.416938,
      "Z": 0.50707
    }
  }
}