{
  "LodDetail": {
    "BoundSize": {
      "X": 0.804539,
      "Y": 1.325977,
      "Z": 1.191349
    }
  }
}