{
  "LodDetail": {
    "BoundSize": {
      "X": 1.113069,
      "Y": 0.966548,
      "Z": 0.897539
    }
  }
}