{
  "LodDetail": {
    "BoundSize": {
      "X": 4.203876,
      "Y": 4.217544,
      "Z": 8.698832
    }
  }
}