{
  "LodDetail": {
    "BoundSize": {
      "X": 1.190669,
      "Y": 1.48291,
      "Z": 0.549541
    }
  }
}