{
  "LodDetail": {
    "BoundSize": {
      "X": 0.377344,
      "Y": 0.359375,
      "Z": 0.377344
    }
  }
}