{
  "LodDetail": {
    "BoundSize": {
      "X": 4.382042,
      "Y": 3.816617,
      "Z": 4.272598
    }
  }
}