{
  "LodDetail": {
    "BoundSize": {
      "X": 1.215994,
      "Y": 0.628853,
      "Z": 2.357594
    }
  }
}