{
  "LodDetail": {
    "BoundSize": {
      "X": 10.62561,
      "Y": 5.202499,
      "Z": 15.07161
    }
  }
}