{
  "LodDetail": {
    "BoundSize": {
      "X": 1.321667,
      "Y": 1.676171,
      "Z": 1.220314
    }
  }
}