{
  "LodDetail": {
    "BoundSize": {
      "X": 0.485156,
      "Y": 0.464063,
      "Z": 0.485156
    }
  }
}