{
  "LodDetail": {
    "BoundSize": {
      "X": 1.427766,
      "Y": 5.893066,
      "Z": 1.430447
    }
  }
}