{
  "LodDetail": {
    "BoundSize": {
      "X": 1.588808,
      "Y": 3.787041,
      "Z": 3.415821
    }
  }
}