{
  "LodDetail": {
    "BoundSize": {
      "X": 1.540564,
      "Y": 1.855364,
      "Z": 2.072682
    }
  }
}