{
  "LodDetail": {
    "BoundSize": {
      "X": 5.720319,
      "Y": 5.720319,
      "Z": 5.720319
    }
  }
}