{
  "LodDetail": {
    "BoundSize": {
      "X": 2.604434,
      "Y": 1.067209,
      "Z": 0.546015
    }
  }
}