{
  "LodDetail": {
    "BoundSize": {
      "X": 4.033387,
      "Y": 8.171209,
      "Z": 4.961579
    }
  }
}