{
  "LodDetail": {
    "BoundSize": {
      "X": 2.123841,
      "Y": 2.248773,
      "Z": 2.248773
    }
  }
}