{
  "LodDetail": {
    "BoundSize": {
      "X": 3.827344,
      "Y": 3.827344,
      "Z": 3.827344
    }
  }
}