{
  "LodDetail": {
    "BoundSize": {
      "X": 1.017379,
      "Y": 0.93607,
      "Z": 0.617473
    }
  }
}