{
  "LodDetail": {
    "BoundSize": {
      "X": 1.284609,
      "Y": 0.426328,
      "Z": 1.59157
    }
  }
}