{
  "LodDetail": {
    "BoundSize": {
      "X": 0.371055,
      "Y": 0.81386,
      "Z": 0.413133
    }
  }
}