{
  "LodDetail": {
    "BoundSize": {
      "X": 5.395572,
      "Y": 4.218339,
      "Z": 4.772075
    }
  }
}