{
  "LodDetail": {
    "BoundSize": {
      "X": 0.124375,
      "Y": 0.101563,
      "Z": 0.155438
    }
  }
}