{
  "LodDetail": {
    "BoundSize": {
      "X": 2.328079,
      "Y": 0.393763,
      "Z": 0.539137
    }
  }
}