{
  "LodDetail": {
    "BoundSize": {
      "X": 4.972486,
      "Y": 5.06128,
      "Z": 5.06128
    }
  }
}