{
  "LodDetail": {
    "BoundSize": {
      "X": 1.164028,
      "Y": 1.656501,
      "Z": 1.093457
    }
  }
}