{
  "LodDetail": {
    "BoundSize": {
      "X": 1.323542,
      "Y": 1.861949,
      "Z": 4.301856
    }
  }
}