{
  "LodDetail": {
    "BoundSize": {
      "X": 0.12642,
      "Y": 0.008188,
      "Z": 0.042788
    }
  }
}