{
  "LodDetail": {
    "BoundSize": {
      "X": 16.39112,
      "Y": 13.83695,
      "Z": 16.93749
    }
  }
}