{
  "LodDetail": {
    "BoundSize": {
      "X": 0.83691,
      "Y": 2.4891,
      "Z": 1.595975
    }
  }
}