{
  "LodDetail": {
    "BoundSize": {
      "X": 0.192064,
      "Y": 1.299417,
      "Z": 0.088167
    }
  }
}