{
  "LodDetail": {
    "BoundSize": {
      "X": 1.45279,
      "Y": 4.079902,
      "Z": 1.975794
    }
  }
}