{
  "LodDetail": {
    "BoundSize": {
      "X": 1.626172,
      "Y": 0.822949,
      "Z": 0.394531
    }
  }
}