{
  "LodDetail": {
    "BoundSize": {
      "X": 1.696525,
      "Y": 3.98625,
      "Z": 1.1502
    }
  }
}