{
  "LodDetail": {
    "BoundSize": {
      "X": 3.508941,
      "Y": 3.341848,
      "Z": 3.508941
    }
  }
}