{
  "LodDetail": {
    "BoundSize": {
      "X": 25.12459,
      "Y": 13.26537,
      "Z": 19.8887
    }
  }
}