{
  "LodDetail": {
    "BoundSize": {
      "X": 1.194002,
      "Y": 2.565695,
      "Z": 7.518988
    }
  }
}