{
  "LodDetail": {
    "BoundSize": {
      "X": 11.90159,
      "Y": 10.19184,
      "Z": 10.11322
    }
  }
}