{
  "LodDetail": {
    "BoundSize": {
      "X": 3.839036,
      "Y": 5.298923,
      "Z": 7.238786
    }
  }
}