{
  "LodDetail": {
    "BoundSize": {
      "X": 0.507813,
      "Y": 0.554688,
      "Z": 0.53125
    }
  }
}