{
  "LodDetail": {
    "BoundSize": {
      "X": 0.633351,
      "Y": 1.719531,
      "Z": 0.604826
    }
  }
}