{
  "LodDetail": {
    "BoundSize": {
      "X": 0.967166,
      "Y": 0.961339,
      "Z": 0.961996
    }
  }
}