{
  "LodDetail": {
    "BoundSize": {
      "X": 0.236917,
      "Y": 0.236917,
      "Z": 0.236917
    }
  }
}