{
  "LodDetail": {
    "BoundSize": {
      "X": 0.562821,
      "Y": 0.666753,
      "Z": 0.916129
    }
  }
}