{
  "LodDetail": {
    "BoundSize": {
      "X": 1.868463,
      "Y": 6.582479,
      "Z": 8.115242
    }
  }
}