{
  "LodDetail": {
    "BoundSize": {
      "X": 5.171373,
      "Y": 6.392111,
      "Z": 5.90036
    }
  }
}