{
  "LodDetail": {
    "BoundSize": {
      "X": 5.842086,
      "Y": 7.580923,
      "Z": 2.35858
    }
  }
}