{
  "LodDetail": {
    "BoundSize": {
      "X": 1.61525,
      "Y": 3.414157,
      "Z": 1.817157
    }
  }
}