{
  "LodDetail": {
    "BoundSize": {
      "X": 0.576875,
      "Y": 1.310281,
      "Z": 2.09775
    }
  }
}