{
  "LodDetail": {
    "BoundSize": {
      "X": 0.468716,
      "Y": 0.189131,
      "Z": 0.047444
    }
  }
}