{
  "LodDetail": {
    "BoundSize": {
      "X": 0.229274,
      "Y": 0.114961,
      "Z": 0.246267
    }
  }
}