{
  "LodDetail": {
    "BoundSize": {
      "X": 0.796875,
      "Y": 0.742188,
      "Z": 0.828125
    }
  }
}