{
  "LodDetail": {
    "BoundSize": {
      "X": 0.234141,
      "Y": 0.820078,
      "Z": 0.370078
    }
  }
}