{
  "LodDetail": {
    "BoundSize": {
      "X": 1.176044,
      "Y": 1.232293,
      "Z": 3.691508
    }
  }
}