{
  "LodDetail": {
    "BoundSize": {
      "X": 6.65625,
      "Y": 3.550001,
      "Z": 6.656252
    }
  }
}