{
  "LodDetail": {
    "BoundSize": {
      "X": 1.081551,
      "Y": 1.06442,
      "Z": 1.081551
    }
  }
}