{
  "LodDetail": {
    "BoundSize": {
      "X": 1.176399,
      "Y": 0.639757,
      "Z": 1.149821
    }
  }
}