{
  "LodDetail": {
    "BoundSize": {
      "X": 2.820918,
      "Y": 2.769107,
      "Z": 2.808101
    }
  }
}