{
  "LodDetail": {
    "BoundSize": {
      "X": 1.852886,
      "Y": 2.380057,
      "Z": 0.824777
    }
  }
}