{
  "LodDetail": {
    "BoundSize": {
      "X": 0.235071,
      "Y": 1.711369,
      "Z": 0.628056
    }
  }
}