{
  "LodDetail": {
    "BoundSize": {
      "X": 1.400175,
      "Y": 2.265612,
      "Z": 1.263797
    }
  }
}