{
  "LodDetail": {
    "BoundSize": {
      "X": 2.713154,
      "Y": 2.942167,
      "Z": 5.504033
    }
  }
}