{
  "LodDetail": {
    "BoundSize": {
      "X": 6.893293,
      "Y": 6.330139,
      "Z": 5.47813
    }
  }
}