{
  "LodDetail": {
    "BoundSize": {
      "X": 4.658821,
      "Y": 1.76853,
      "Z": 4.698773
    }
  }
}