{
  "LodDetail": {
    "BoundSize": {
      "X": 6.770375,
      "Y": 6.587392,
      "Z": 6.770375
    }
  }
}