{
  "LodDetail": {
    "BoundSize": {
      "X": 1.497657,
      "Y": 1.254688,
      "Z": 1.497378
    }
  }
}