{
  "LodDetail": {
    "BoundSize": {
      "X": 4.984628,
      "Y": 60.06113,
      "Z": 19.52136
    }
  }
}