{
  "LodDetail": {
    "BoundSize": {
      "X": 0.517157,
      "Y": 1.567188,
      "Z": 1.701348
    }
  }
}