{
  "LodDetail": {
    "BoundSize": {
      "X": 11.79369,
      "Y": 11.79369,
      "Z": 9.582375
    }
  }
}