{
  "LodDetail": {
    "BoundSize": {
      "X": 1.889016,
      "Y": 1.882349,
      "Z": 1.857453
    }
  }
}