{
  "LodDetail": {
    "BoundSize": {
      "X": 6.738491,
      "Y": 3.846942,
      "Z": 6.513875
    }
  }
}