{
  "LodDetail": {
    "BoundSize": {
      "X": 6.434375,
      "Y": 6.545312,
      "Z": 5.990625
    }
  }
}