{
  "LodDetail": {
    "BoundSize": {
      "X": 2.73801,
      "Y": 11.01876,
      "Z": 2.409041
    }
  }
}