{
  "LodDetail": {
    "BoundSize": {
      "X": 0.918375,
      "Y": 0.782539,
      "Z": 8.421312
    }
  }
}