{
  "LodDetail": {
    "BoundSize": {
      "X": 9.629375,
      "Y": 9.784687,
      "Z": 9.629375
    }
  }
}