{
  "LodDetail": {
    "BoundSize": {
      "X": 0.65625,
      "Y": 1.022731,
      "Z": 1.929414
    }
  }
}