{
  "LodDetail": {
    "BoundSize": {
      "X": 0.726563,
      "Y": 0.320313,
      "Z": 0.695313
    }
  }
}