{
  "LodDetail": {
    "BoundSize": {
      "X": 0.9585,
      "Y": 1.520786,
      "Z": 8.699219
    }
  }
}