{
  "LodDetail": {
    "BoundSize": {
      "X": 3.046175,
      "Y": 6.276845,
      "Z": 1.801946
    }
  }
}