{
  "LodDetail": {
    "BoundSize": {
      "X": 10.8729,
      "Y": 8.352544,
      "Z": 9.185149
    }
  }
}