{
  "LodDetail": {
    "BoundSize": {
      "X": 15.99314,
      "Y": 13.62773,
      "Z": 9.233327
    }
  }
}