{
  "LodDetail": {
    "BoundSize": {
      "X": 2.090736,
      "Y": 0.992293,
      "Z": 0.922973
    }
  }
}