{
  "LodDetail": {
    "BoundSize": {
      "X": 4.412129,
      "Y": 8.053061,
      "Z": 4.513282
    }
  }
}