{
  "LodDetail": {
    "BoundSize": {
      "X": 1.777635,
      "Y": 1.777635,
      "Z": 2.089922
    }
  }
}