{
  "LodDetail": {
    "BoundSize": {
      "X": 7.280313,
      "Y": 3.402288,
      "Z": 11.44776
    }
  }
}