{
  "LodDetail": {
    "BoundSize": {
      "X": 0.690715,
      "Y": 0.998073,
      "Z": 0.620369
    }
  }
}