{
  "LodDetail": {
    "BoundSize": {
      "X": 1.105738,
      "Y": 1.582818,
      "Z": 2.611363
    }
  }
}