{
  "LodDetail": {
    "BoundSize": {
      "X": 24.22474,
      "Y": 12.87367,
      "Z": 39.91099
    }
  }
}