{
  "LodDetail": {
    "BoundSize": {
      "X": 0.25,
      "Y": 0.954523,
      "Z": 0.317188
    }
  }
}