{
  "LodDetail": {
    "BoundSize": {
      "X": 73.95583,
      "Y": 359.4519,
      "Z": 20.83043
    }
  }
}