{
  "LodDetail": {
    "BoundSize": {
      "X": 1.855197,
      "Y": 0.960653,
      "Z": 1.964734
    }
  }
}