{
  "LodDetail": {
    "BoundSize": {
      "X": 2.896517,
      "Y": 2.270731,
      "Z": 2.896517
    }
  }
}