{
  "LodDetail": {
    "BoundSize": {
      "X": 0.863118,
      "Y": 0.575412,
      "Z": 6.81027
    }
  }
}