{
  "LodDetail": {
    "BoundSize": {
      "X": 0.985677,
      "Y": 1.718534,
      "Z": 0.933025
    }
  }
}