{
  "LodDetail": {
    "BoundSize": {
      "X": 72.42291,
      "Y": 24.39388,
      "Z": 71.86954
    }
  }
}