{
  "LodDetail": {
    "BoundSize": {
      "X": 2.730173,
      "Y": 2.092282,
      "Z": 2.551563
    }
  }
}