{
  "LodDetail": {
    "BoundSize": {
      "X": 0.931875,
      "Y": 4.21875,
      "Z": 0.931875
    }
  }
}