{
  "LodDetail": {
    "BoundSize": {
      "X": 1.914954,
      "Y": 1.34756,
      "Z": 1.274006
    }
  }
}