{
  "LodDetail": {
    "BoundSize": {
      "X": 3.218247,
      "Y": 1.110175,
      "Z": 1.758959
    }
  }
}