{
  "LodDetail": {
    "BoundSize": {
      "X": 1.901515,
      "Y": 3.089478,
      "Z": 1.302413
    }
  }
}