{
  "LodDetail": {
    "BoundSize": {
      "X": 1.377442,
      "Y": 0.127272,
      "Z": 6.556382
    }
  }
}