{
  "LodDetail": {
    "BoundSize": {
      "X": 6.02899,
      "Y": 2.39755,
      "Z": 4.617689
    }
  }
}