{
  "LodDetail": {
    "BoundSize": {
      "X": 3.442571,
      "Y": 1.346638,
      "Z": 1.911367
    }
  }
}