{
  "LodDetail": {
    "BoundSize": {
      "X": 7.910717,
      "Y": 8.181797,
      "Z": 9.818365
    }
  }
}