{
  "LodDetail": {
    "BoundSize": {
      "X": 0.699112,
      "Y": 0.495221,
      "Z": 0.47051
    }
  }
}