{
  "LodDetail": {
    "BoundSize": {
      "X": 0.438281,
      "Y": 0.669188,
      "Z": 0.574305
    }
  }
}