{
  "LodDetail": {
    "BoundSize": {
      "X": 1.553125,
      "Y": 2.276562,
      "Z": 1.553125
    }
  }
}