{
  "LodDetail": {
    "BoundSize": {
      "X": 0.667372,
      "Y": 0.859101,
      "Z": 0.590979
    }
  }
}