{
  "LodDetail": {
    "BoundSize": {
      "X": 9.339633,
      "Y": 6.623232,
      "Z": 1.945096
    }
  }
}