{
  "LodDetail": {
    "BoundSize": {
      "X": 19.58051,
      "Y": 32.75226,
      "Z": 13.75468
    }
  }
}