{
  "LodDetail": {
    "BoundSize": {
      "X": 0.367611,
      "Y": 1.176659,
      "Z": 2.108065
    }
  }
}