{
  "LodDetail": {
    "BoundSize": {
      "X": 3.256507,
      "Y": 3.230515,
      "Z": 3.315713
    }
  }
}