{
  "LodDetail": {
    "BoundSize": {
      "X": 1.533032,
      "Y": 1.301013,
      "Z": 1.976081
    }
  }
}