{
  "LodDetail": {
    "BoundSize": {
      "X": 0.421875,
      "Y": 0.328125,
      "Z": 0.305977
    }
  }
}