{
  "LodDetail": {
    "BoundSize": {
      "X": 1.514297,
      "Y": 1.514297,
      "Z": 1.514297
    }
  }
}