{
  "LodDetail": {
    "BoundSize": {
      "X": 8.144527,
      "Y": 7.249282,
      "Z": 2.790573
    }
  }
}