{
  "LodDetail": {
    "BoundSize": {
      "X": 0.75,
      "Y": 0.824632,
      "Z": 2.056684
    }
  }
}