{
  "LodDetail": {
    "BoundSize": {
      "X": 2.385498,
      "Y": 2.257703,
      "Z": 2.360385
    }
  }
}