{
  "LodDetail": {
    "BoundSize": {
      "X": 1.243477,
      "Y": 1.243477,
      "Z": 1.924922
    }
  }
}