{
  "LodDetail": {
    "BoundSize": {
      "X": 3.218247,
      "Y": 1.158443,
      "Z": 1.819613
    }
  }
}