{
  "LodDetail": {
    "BoundSize": {
      "X": 1.274549,
      "Y": 0.543456,
      "Z": 1.262568
    }
  }
}