{
  "LodDetail": {
    "BoundSize": {
      "X": 1.155325,
      "Y": 0.842101,
      "Z": 0.645722
    }
  }
}