{
  "LodDetail": {
    "BoundSize": {
      "X": 1.024938,
      "Y": 0.52542,
      "Z": 7.044777
    }
  }
}