{
  "LodDetail": {
    "BoundSize": {
      "X": 1.672938,
      "Y": 3.130688,
      "Z": 1.874844
    }
  }
}