{
  "LodDetail": {
    "BoundSize": {
      "X": 2.492465,
      "Y": 4.18821,
      "Z": 2.569156
    }
  }
}