{
  "LodDetail": {
    "BoundSize": {
      "X": 1.342628,
      "Y": 1.342628,
      "Z": 6.358754
    }
  }
}