{
  "LodDetail": {
    "BoundSize": {
      "X": 12.82807,
      "Y": 23.04201,
      "Z": 14.00584
    }
  }
}