{
  "LodDetail": {
    "BoundSize": {
      "X": 0.99761,
      "Y": 1.15755,
      "Z": 0.938866
    }
  }
}