{
  "LodDetail": {
    "BoundSize": {
      "X": 1.479234,
      "Y": 1.536505,
      "Z": 2.2675
    }
  }
}