{
  "LodDetail": {
    "BoundSize": {
      "X": 1.119725,
      "Y": 3.176468,
      "Z": 1.979662
    }
  }
}