{
  "LodDetail": {
    "BoundSize": {
      "X": 0.1875,
      "Y": 0.20252,
      "Z": 0.277824
    }
  }
}