{
  "LodDetail": {
    "BoundSize": {
      "X": 2.481383,
      "Y": 2.377565,
      "Z": 2.428069
    }
  }
}