{
  "LodDetail": {
    "BoundSize": {
      "X": 0.763351,
      "Y": 0.604319,
      "Z": 0.80101
    }
  }
}