{
  "LodDetail": {
    "BoundSize": {
      "X": 93.94353,
      "Y": 29.89114,
      "Z": 95.01114
    }
  }
}