{
  "LodDetail": {
    "BoundSize": {
      "X": 12.93138,
      "Y": 13.50868,
      "Z": 12.93139
    }
  }
}