{
  "LodDetail": {
    "BoundSize": {
      "X": 5.971488,
      "Y": 4.555453,
      "Z": 5.178195
    }
  }
}