{
  "LodDetail": {
    "BoundSize": {
      "X": 1.473694,
      "Y": 3.390582,
      "Z": 2.113589
    }
  }
}