{
  "LodDetail": {
    "BoundSize": {
      "X": 5.253408,
      "Y": 3.744141,
      "Z": 5.167287
    }
  }
}