{
  "LodDetail": {
    "BoundSize": {
      "X": 3.377715,
      "Y": 0.125467,
      "Z": 1.276284
    }
  }
}