{
  "LodDetail": {
    "BoundSize": {
      "X": 0.113376,
      "Y": 0.111957,
      "Z": 0.170081
    }
  }
}