{
  "LodDetail": {
    "BoundSize": {
      "X": 0.680851,
      "Y": 1.634766,
      "Z": 0.644994
    }
  }
}