{
  "LodDetail": {
    "BoundSize": {
      "X": 0.664063,
      "Y": 2.63725,
      "Z": 1.776633
    }
  }
}