{
  "LodDetail": {
    "BoundSize": {
      "X": 0.591602,
      "Y": 0.591602,
      "Z": 5.565546
    }
  }
}