{
  "LodDetail": {
    "BoundSize": {
      "X": 3.931778,
      "Y": 5.60793,
      "Z": 4.035246
    }
  }
}