{
  "LodDetail": {
    "BoundSize": {
      "X": 0.667932,
      "Y": 0.572513,
      "Z": 0.76897
    }
  }
}