{
  "LodDetail": {
    "BoundSize": {
      "X": 0.313257,
      "Y": 1.007813,
      "Z": 4.915121
    }
  }
}