{
  "LodDetail": {
    "BoundSize": {
      "X": 0.576269,
      "Y": 0.507813,
      "Z": 0.576269
    }
  }
}