{
  "LodDetail": {
    "BoundSize": {
      "X": 4.409659,
      "Y": 5.603163,
      "Z": 3.366214
    }
  }
}