{
  "LodDetail": {
    "BoundSize": {
      "X": 1.332623,
      "Y": 1.189036,
      "Z": 1.251375
    }
  }
}