{
  "LodDetail": {
    "BoundSize": {
      "X": 0.434564,
      "Y": 3.712046,
      "Z": 9.471424
    }
  }
}