{
  "LodDetail": {
    "BoundSize": {
      "X": 0.917961,
      "Y": 1.482861,
      "Z": 1.207472
    }
  }
}