{
  "LodDetail": {
    "BoundSize": {
      "X": 1.370461,
      "Y": 1.27444,
      "Z": 1.339073
    }
  }
}