{
  "LodDetail": {
    "BoundSize": {
      "X": 1.960112,
      "Y": 1.533465,
      "Z": 1.533479
    }
  }
}