{
  "LodDetail": {
    "BoundSize": {
      "X": 0.757813,
      "Y": 0.734375,
      "Z": 0.773438
    }
  }
}