{
  "LodDetail": {
    "BoundSize": {
      "X": 0.608865,
      "Y": 2.047636,
      "Z": 0.832536
    }
  }
}