{
  "LodDetail": {
    "BoundSize": {
      "X": 1.228079,
      "Y": 1.248547,
      "Z": 1.248547
    }
  }
}