{
  "LodDetail": {
    "BoundSize": {
      "X": 1.317792,
      "Y": 1.610181,
      "Z": 1.345962
    }
  }
}