{
  "LodDetail": {
    "BoundSize": {
      "X": 1.422774,
      "Y": 1.389063,
      "Z": 1.419927
    }
  }
}