{
  "LodDetail": {
    "BoundSize": {
      "X": 1.118303,
      "Y": 1.582818,
      "Z": 2.6262
    }
  }
}