{
  "LodDetail": {
    "BoundSize": {
      "X": 2.442578,
      "Y": 1.906403,
      "Z": 2.442578
    }
  }
}