{
  "LodDetail": {
    "BoundSize": {
      "X": 0.941307,
      "Y": 0.505072,
      "Z": 0.850977
    }
  }
}