{
  "LodDetail": {
    "BoundSize": {
      "X": 0.841572,
      "Y": 1.463978,
      "Z": 2.304846
    }
  }
}