{
  "LodDetail": {
    "BoundSize": {
      "X": 29.84387,
      "Y": 36.97631,
      "Z": 49.1635
    }
  }
}