{
  "LodDetail": {
    "BoundSize": {
      "X": 1.965625,
      "Y": 1.228906,
      "Z": 1.825
    }
  }
}