{
  "LodDetail": {
    "BoundSize": {
      "X": 0.319063,
      "Y": 0.412094,
      "Z": 0.296875
    }
  }
}