{
  "LodDetail": {
    "BoundSize": {
      "X": 0.86242,
      "Y": 2.480054,
      "Z": 0.885115
    }
  }
}