{
  "LodDetail": {
    "BoundSize": {
      "X": 3.250885,
      "Y": 3.177001,
      "Z": 3.496101
    }
  }
}