{
  "LodDetail": {
    "BoundSize": {
      "X": 14.9996,
      "Y": 34.41084,
      "Z": 34.41084
    }
  }
}