{
  "LodDetail": {
    "BoundSize": {
      "X": 7.88787,
      "Y": 7.668763,
      "Z": 7.887871
    }
  }
}