{
  "LodDetail": {
    "BoundSize": {
      "X": 11.84812,
      "Y": 12.04437,
      "Z": 11.72531
    }
  }
}