{
  "LodDetail": {
    "BoundSize": {
      "X": 0.382813,
      "Y": 0.28125,
      "Z": 0.289063
    }
  }
}