{
  "LodDetail": {
    "BoundSize": {
      "X": 8.485864,
      "Y": 4.998754,
      "Z": 8.116912
    }
  }
}