{
  "LodDetail": {
    "BoundSize": {
      "X": 3.306237,
      "Y": 6.656836,
      "Z": 3.915365
    }
  }
}