{
  "LodDetail": {
    "BoundSize": {
      "X": 2.263497,
      "Y": 3.302642,
      "Z": 3.614242
    }
  }
}