{
  "LodDetail": {
    "BoundSize": {
      "X": 76.79779,
      "Y": 16.07396,
      "Z": 76.79781
    }
  }
}