{
  "LodDetail": {
    "BoundSize": {
      "X": 9.806261,
      "Y": 9.806261,
      "Z": 9.806261
    }
  }
}