{
  "LodDetail": {
    "BoundSize": {
      "X": 1.882333,
      "Y": 1.847475,
      "Z": 1.917191
    }
  }
}