{
  "LodDetail": {
    "BoundSize": {
      "X": 5.560177,
      "Y": 5.495523,
      "Z": 5.818789
    }
  }
}