{
  "LodDetail": {
    "BoundSize": {
      "X": 0.97625,
      "Y": 2.115375,
      "Z": 1.309125
    }
  }
}