{
  "LodDetail": {
    "BoundSize": {
      "X": 1.436716,
      "Y": 2.930113,
      "Z": 1.311784
    }
  }
}