{
  "LodDetail": {
    "BoundSize": {
      "X": 0.210641,
      "Y": 0.133543,
      "Z": 0.098133
    }
  }
}