{
  "LodDetail": {
    "BoundSize": {
      "X": 2.464993,
      "Y": 0.45266,
      "Z": 1.133569
    }
  }
}