{
  "LodDetail": {
    "BoundSize": {
      "X": 0.445313,
      "Y": 0.401498,
      "Z": 0.579678
    }
  }
}