{
  "LodDetail": {
    "BoundSize": {
      "X": 4.210092,
      "Y": 4.43771,
      "Z": 1.683542
    }
  }
}