{
  "LodDetail": {
    "BoundSize": {
      "X": 0.309375,
      "Y": 0.323438,
      "Z": 0.323438
    }
  }
}