{
  "LodDetail": {
    "BoundSize": {
      "X": 0.050866,
      "Y": 0.08752,
      "Z": 0.043875
    }
  }
}