{
  "LodDetail": {
    "BoundSize": {
      "X": 3.119725,
      "Y": 5.069552,
      "Z": 2.154948
    }
  }
}