{
  "LodDetail": {
    "BoundSize": {
      "X": 1.00527,
      "Y": 1.888846,
      "Z": 1.119582
    }
  }
}