{
  "LodDetail": {
    "BoundSize": {
      "X": 2.45786,
      "Y": 0.381656,
      "Z": 1.708283
    }
  }
}