{
  "LodDetail": {
    "BoundSize": {
      "X": 2.713154,
      "Y": 5.237022,
      "Z": 6.218971
    }
  }
}