{
  "LodDetail": {
    "BoundSize": {
      "X": 74.10716,
      "Y": 3.186623,
      "Z": 73.26506
    }
  }
}