{
  "LodDetail": {
    "BoundSize": {
      "X": 6.567858,
      "Y": 1.398885,
      "Z": 3.135716
    }
  }
}