{
  "LodDetail": {
    "BoundSize": {
      "X": 1.987914,
      "Y": 1.881419,
      "Z": 1.966987
    }
  }
}