{
  "LodDetail": {
    "BoundSize": {
      "X": 0.687902,
      "Y": 0.894341,
      "Z": 0.697187
    }
  }
}