{
  "LodDetail": {
    "BoundSize": {
      "X": 2.392614,
      "Y": 0.617188,
      "Z": 7.21875
    }
  }
}