{
  "LodDetail": {
    "BoundSize": {
      "X": 0.59972,
      "Y": 0.757495,
      "Z": 1.983555
    }
  }
}