{
  "LodDetail": {
    "BoundSize": {
      "X": 5.274368,
      "Y": 2.179994,
      "Z": 4.788664
    }
  }
}