{
  "LodDetail": {
    "BoundSize": {
      "X": 1.998909,
      "Y": 2.248773,
      "Z": 2.248773
    }
  }
}