{
  "LodDetail": {
    "BoundSize": {
      "X": 2.463969,
      "Y": 9.521718,
      "Z": 2.547493
    }
  }
}