{
  "LodDetail": {
    "BoundSize": {
      "X": 0.276953,
      "Y": 0.679789,
      "Z": 0.534413
    }
  }
}