{
  "LodDetail": {
    "BoundSize": {
      "X": 0.479702,
      "Y": 0.476142,
      "Z": 0.703263
    }
  }
}