{
  "LodDetail": {
    "BoundSize": {
      "X": 1.671551,
      "Y": 1.573765,
      "Z": 1.535098
    }
  }
}