{
  "LodDetail": {
    "BoundSize": {
      "X": 14.42188,
      "Y": 3.050781,
      "Z": 14.42188
    }
  }
}