{
  "LodDetail": {
    "BoundSize": {
      "X": 3.161127,
      "Y": 3.187674,
      "Z": 3.161127
    }
  }
}