{
  "LodDetail": {
    "BoundSize": {
      "X": 3.102141,
      "Y": 2.393776,
      "Z": 3.360653
    }
  }
}