{
  "LodDetail": {
    "BoundSize": {
      "X": 1.63932,
      "Y": 2.563083,
      "Z": 1.750202
    }
  }
}