{
  "LodDetail": {
    "BoundSize": {
      "X": 2.630314,
      "Y": 4.075827,
      "Z": 2.815405
    }
  }
}