{
  "LodDetail": {
    "BoundSize": {
      "X": 2.211692,
      "Y": 2.703016,
      "Z": 6.06918
    }
  }
}