{
  "LodDetail": {
    "BoundSize": {
      "X": 12.23596,
      "Y": 9.729796,
      "Z": 8.108163
    }
  }
}