{
  "LodDetail": {
    "BoundSize": {
      "X": 1.694459,
      "Y": 3.267886,
      "Z": 1.694459
    }
  }
}