{
  "LodDetail": {
    "BoundSize": {
      "X": 1.157559,
      "Y": 1.330734,
      "Z": 1.244504
    }
  }
}