{
  "LodDetail": {
    "BoundSize": {
      "X": 10.29818,
      "Y": 2.72853,
      "Z": 11.0084
    }
  }
}