{
  "LodDetail": {
    "BoundSize": {
      "X": 0.34086,
      "Y": 0.101563,
      "Z": 0.17125
    }
  }
}