{
  "LodDetail": {
    "BoundSize": {
      "X": 1.829504,
      "Y": 1.315959,
      "Z": 1.402576
    }
  }
}