{
  "LodDetail": {
    "BoundSize": {
      "X": 2.965147,
      "Y": 40.10267,
      "Z": 2.938665
    }
  }
}