{
  "LodDetail": {
    "BoundSize": {
      "X": 0.759036,
      "Y": 0.504376,
      "Z": 0.47051
    }
  }
}