{
  "LodDetail": {
    "BoundSize": {
      "X": 1.673581,
      "Y": 1.046566,
      "Z": 4.307733
    }
  }
}