{
  "LodDetail": {
    "BoundSize": {
      "X": 1.181785,
      "Y": 0.555293,
      "Z": 4.037968
    }
  }
}