{
  "LodDetail": {
    "BoundSize": {
      "X": 11.72556,
      "Y": 1.801895,
      "Z": 11.77218
    }
  }
}