{
  "LodDetail": {
    "BoundSize": {
      "X": 0.634563,
      "Y": 1.310281,
      "Z": 2.111063
    }
  }
}