{
  "LodDetail": {
    "BoundSize": {
      "X": 1.368872,
      "Y": 2.173108,
      "Z": 10.07886
    }
  }
}