{
  "LodDetail": {
    "BoundSize": {
      "X": 1.65383,
      "Y": 1.783609,
      "Z": 1.65383
    }
  }
}