{
  "LodDetail": {
    "BoundSize": {
      "X": 0.780501,
      "Y": 0.557461,
      "Z": 0.330896
    }
  }
}