{
  "LodDetail": {
    "BoundSize": {
      "X": 0.01828,
      "Y": 0.012049,
      "Z": 0.013594
    }
  }
}