{
  "LodDetail": {
    "BoundSize": {
      "X": 39.38261,
      "Y": 104.8418,
      "Z": 6.19697
    }
  }
}