{
  "LodDetail": {
    "BoundSize": {
      "X": 4.182961,
      "Y": 3.284611,
      "Z": 3.436004
    }
  }
}