{
  "LodDetail": {
    "BoundSize": {
      "X": 0.782376,
      "Y": 0.319562,
      "Z": 0.686989
    }
  }
}