{
  "LodDetail": {
    "BoundSize": {
      "X": 1.940758,
      "Y": 1.940758,
      "Z": 1.940758
    }
  }
}