{
  "LodDetail": {
    "BoundSize": {
      "X": 2.90542,
      "Y": 2.905419,
      "Z": 2.90542
    }
  }
}