{
  "LodDetail": {
    "BoundSize": {
      "X": 35.77768,
      "Y": 35.77768,
      "Z": 7.405953
    }
  }
}