{
  "LodDetail": {
    "BoundSize": {
      "X": 1.466505,
      "Y": 1.20771,
      "Z": 1.574336
    }
  }
}