{
  "LodDetail": {
    "BoundSize": {
      "X": 1.624613,
      "Y": 2.666237,
      "Z": 1.729299
    }
  }
}