{
  "LodDetail": {
    "BoundSize": {
      "X": 1.06422,
      "Y": 1.06422,
      "Z": 1.06422
    }
  }
}