{
  "LodDetail": {
    "BoundSize": {
      "X": 0.460938,
      "Y": 1.991601,
      "Z": 0.460938
    }
  }
}