{
  "LodDetail": {
    "BoundSize": {
      "X": 0.298642,
      "Y": 0.945439,
      "Z": 2.898159
    }
  }
}