{
  "LodDetail": {
    "BoundSize": {
      "X": 7.387835,
      "Y": 0.710684,
      "Z": 7.387835
    }
  }
}