{
  "LodDetail": {
    "BoundSize": {
      "X": 3.319608,
      "Y": 3.176839,
      "Z": 3.279629
    }
  }
}