{
  "LodDetail": {
    "BoundSize": {
      "X": 13.18998,
      "Y": 9.509054,
      "Z": 13.18998
    }
  }
}