{
  "LodDetail": {
    "BoundSize": {
      "X": 0.227053,
      "Y": 0.201825,
      "Z": 1.188476
    }
  }
}