{
  "LodDetail": {
    "BoundSize": {
      "X": 31.56117,
      "Y": 147.8938,
      "Z": 22.01394
    }
  }
}