{
  "LodDetail": {
    "BoundSize": {
      "X": 0.734375,
      "Y": 0.710938,
      "Z": 0.609375
    }
  }
}