{
  "LodDetail": {
    "BoundSize": {
      "X": 0.73751,
      "Y": 0.699312,
      "Z": 0.877694
    }
  }
}