{
  "LodDetail": {
    "BoundSize": {
      "X": 0.692396,
      "Y": 0.437303,
      "Z": 0.835317
    }
  }
}