{
  "LodDetail": {
    "BoundSize": {
      "X": 1.32293,
      "Y": 1.148203,
      "Z": 1.32293
    }
  }
}