{
  "LodDetail": {
    "BoundSize": {
      "X": 3.465011,
      "Y": 39.87751,
      "Z": 2.964392
    }
  }
}