{
  "LodDetail": {
    "BoundSize": {
      "X": 2.611249,
      "Y": 2.322838,
      "Z": 3.060863
    }
  }
}