{
  "LodDetail": {
    "BoundSize": {
      "X": 6.404551,
      "Y": 5.699439,
      "Z": 21.52053
    }
  }
}