{
  "LodDetail": {
    "BoundSize": {
      "X": 3.988011,
      "Y": 3.895476,
      "Z": 16.59232
    }
  }
}