{
  "LodDetail": {
    "BoundSize": {
      "X": 10.42529,
      "Y": 8.110527,
      "Z": 10.55341
    }
  }
}