{
  "LodDetail": {
    "BoundSize": {
      "X": 2.634765,
      "Y": 3.507383,
      "Z": 3.120117
    }
  }
}