{
  "LodDetail": {
    "BoundSize": {
      "X": 6.226484,
      "Y": 10.5229,
      "Z": 7.302181
    }
  }
}