{
  "LodDetail": {
    "BoundSize": {
      "X": 4.825781,
      "Y": 8.255239,
      "Z": 4.743687
    }
  }
}