{
  "LodDetail": {
    "BoundSize": {
      "X": 0.586272,
      "Y": 0.691447,
      "Z": 0.908312
    }
  }
}