{
  "LodDetail": {
    "BoundSize": {
      "X": 0.885281,
      "Y": 11.92344,
      "Z": 0.885281
    }
  }
}