{
  "LodDetail": {
    "BoundSize": {
      "X": 0.989285,
      "Y": 1.023398,
      "Z": 1.603324
    }
  }
}