{
  "LodDetail": {
    "BoundSize": {
      "X": 7.489194,
      "Y": 2.13977,
      "Z": 21.69716
    }
  }
}