{
  "LodDetail": {
    "BoundSize": {
      "X": 0.515625,
      "Y": 0.429688,
      "Z": 0.648438
    }
  }
}