{
  "LodDetail": {
    "BoundSize": {
      "X": 1.059438,
      "Y": 1.497,
      "Z": 0.229869
    }
  }
}