{
  "LodDetail": {
    "BoundSize": {
      "X": 1.54987,
      "Y": 0.821699,
      "Z": 1.585938
    }
  }
}