{
  "LodDetail": {
    "BoundSize": {
      "X": 0.923881,
      "Y": 1.734303,
      "Z": 1.166041
    }
  }
}