{
  "LodDetail": {
    "BoundSize": {
      "X": 4.409765,
      "Y": 4.659375,
      "Z": 4.603906
    }
  }
}