{
  "LodDetail": {
    "BoundSize": {
      "X": 0.714944,
      "Y": 0.891477,
      "Z": 0.739925
    }
  }
}