{
  "LodDetail": {
    "BoundSize": {
      "X": 4.167953,
      "Y": 0.685344,
      "Z": 1.277259
    }
  }
}