{
  "LodDetail": {
    "BoundSize": {
      "X": 0.605547,
      "Y": 2.215431,
      "Z": 0.820122
    }
  }
}