{
  "LodDetail": {
    "BoundSize": {
      "X": 2.696719,
      "Y": 2.606828,
      "Z": 3.241687
    }
  }
}