{
  "LodDetail": {
    "BoundSize": {
      "X": 0.617188,
      "Y": 0.468617,
      "Z": 0.713078
    }
  }
}