{
  "LodDetail": {
    "BoundSize": {
      "X": 10.31719,
      "Y": 0.665625,
      "Z": 9.984375
    }
  }
}