{
  "LodDetail": {
    "BoundSize": {
      "X": 0.837891,
      "Y": 0.48168,
      "Z": 0.640625
    }
  }
}