{
  "LodDetail": {
    "BoundSize": {
      "X": 0.148438,
      "Y": 0.59375,
      "Z": 0.679688
    }
  }
}