{
  "LodDetail": {
    "BoundSize": {
      "X": 1.915834,
      "Y": 0.949275,
      "Z": 1.500227
    }
  }
}