{
  "LodDetail": {
    "BoundSize": {
      "X": 11.08624,
      "Y": 10.40422,
      "Z": 3.58824
    }
  }
}