{
  "LodDetail": {
    "BoundSize": {
      "X": 0.742188,
      "Y": 0.546875,
      "Z": 0.757813
    }
  }
}