{
  "LodDetail": {
    "BoundSize": {
      "X": 1.557562,
      "Y": 1.43775,
      "Z": 1.617468
    }
  }
}