{
  "LodDetail": {
    "BoundSize": {
      "X": 0.59375,
      "Y": 0.46875,
      "Z": 0.40625
    }
  }
}