{
  "LodDetail": {
    "BoundSize": {
      "X": 4.753057,
      "Y": 4.623905,
      "Z": 12.84167
    }
  }
}