{
  "LodDetail": {
    "BoundSize": {
      "X": 5.980034,
      "Y": 3.75838,
      "Z": 1.406859
    }
  }
}