{
  "LodDetail": {
    "BoundSize": {
      "X": 2.94805,
      "Y": 2.29226,
      "Z": 2.947994
    }
  }
}