{
  "LodDetail": {
    "BoundSize": {
      "X": 0.803922,
      "Y": 1.88873,
      "Z": 10.09845
    }
  }
}