{
  "LodDetail": {
    "BoundSize": {
      "X": 1.001604,
      "Y": 0.580125,
      "Z": 0.140625
    }
  }
}