{
  "LodDetail": {
    "BoundSize": {
      "X": 0.117375,
      "Y": 0.109375,
      "Z": 0.156438
    }
  }
}