{
  "LodDetail": {
    "BoundSize": {
      "X": 0.990588,
      "Y": 3.611094,
      "Z": 0.310588
    }
  }
}