{
  "LodDetail": {
    "BoundSize": {
      "X": 7.15948,
      "Y": 7.347888,
      "Z": 8.664362
    }
  }
}