{
  "LodDetail": {
    "BoundSize": {
      "X": 1.216647,
      "Y": 1.966104,
      "Z": 0.552063
    }
  }
}