{
  "LodDetail": {
    "BoundSize": {
      "X": 2.21363,
      "Y": 6.601645,
      "Z": 1.121116
    }
  }
}