{
  "LodDetail": {
    "BoundSize": {
      "X": 6.65625,
      "Y": 2.21875,
      "Z": 7.987502
    }
  }
}