{
  "LodDetail": {
    "BoundSize": {
      "X": 0.326266,
      "Y": 0.210938,
      "Z": 1.462992
    }
  }
}