{
  "LodDetail": {
    "BoundSize": {
      "X": 9.30946,
      "Y": 3.837858,
      "Z": 9.578541
    }
  }
}