{
  "LodDetail": {
    "BoundSize": {
      "X": 0.445313,
      "Y": 1.660158,
      "Z": 1.499514
    }
  }
}