{
  "LodDetail": {
    "BoundSize": {
      "X": 21.63281,
      "Y": 12.97969,
      "Z": 21.63281
    }
  }
}