{
  "LodDetail": {
    "BoundSize": {
      "X": 4.319636,
      "Y": 4.33004,
      "Z": 4.311387
    }
  }
}