{
  "LodDetail": {
    "BoundSize": {
      "X": 0.685905,
      "Y": 0.309375,
      "Z": 0.708166
    }
  }
}