{
  "LodDetail": {
    "BoundSize": {
      "X": 1.864777,
      "Y": 3.106283,
      "Z": 10.7332
    }
  }
}