{
  "LodDetail": {
    "BoundSize": {
      "X": 6.989062,
      "Y": 8.348046,
      "Z": 2.912109
    }
  }
}