{
  "LodDetail": {
    "BoundSize": {
      "X": 0.414063,
      "Y": 0.421875,
      "Z": 0.543875
    }
  }
}