{
  "LodDetail": {
    "BoundSize": {
      "X": 0.814263,
      "Y": 0.255469,
      "Z": 0.277344
    }
  }
}