{
  "LodDetail": {
    "BoundSize": {
      "X": 1.910344,
      "Y": 2.038945,
      "Z": 1.876231
    }
  }
}