{
  "LodDetail": {
    "BoundSize": {
      "X": 3.172425,
      "Y": 2.851167,
      "Z": 3.172425
    }
  }
}