{
  "LodDetail": {
    "BoundSize": {
      "X": 15.26025,
      "Y": 3.141816,
      "Z": 15.26025
    }
  }
}