{
  "LodDetail": {
    "BoundSize": {
      "X": 6.567971,
      "Y": 5.887455,
      "Z": 6.567971
    }
  }
}