{
  "LodDetail": {
    "BoundSize": {
      "X": 2.456538,
      "Y": 1.95998,
      "Z": 2.685826
    }
  }
}