{
  "LodDetail": {
    "BoundSize": {
      "X": 0.315761,
      "Y": 0.315761,
      "Z": 0.315761
    }
  }
}