{
  "LodDetail": {
    "BoundSize": {
      "X": 13.51827,
      "Y": 6.576093,
      "Z": 10.41272
    }
  }
}