{
  "LodDetail": {
    "BoundSize": {
      "X": 0.877033,
      "Y": 0.797889,
      "Z": 0.817842
    }
  }
}