{
  "LodDetail": {
    "BoundSize": {
      "X": 0.754031,
      "Y": 0.900574,
      "Z": 1.779258
    }
  }
}