{
  "LodDetail": {
    "BoundSize": {
      "X": 18.18139,
      "Y": 33.17117,
      "Z": 15.12429
    }
  }
}