{
  "LodDetail": {
    "BoundSize": {
      "X": 0.386726,
      "Y": 0.968349,
      "Z": 0.553726
    }
  }
}