{
  "LodDetail": {
    "BoundSize": {
      "X": 0.72523,
      "Y": 0.202061,
      "Z": 0.328087
    }
  }
}