{
  "LodDetail": {
    "BoundSize": {
      "X": 8.570929,
      "Y": 2.702972,
      "Z": 4.394732
    }
  }
}