{
  "LodDetail": {
    "BoundSize": {
      "X": 1.373646,
      "Y": 1.209133,
      "Z": 4.580704
    }
  }
}