{
  "LodDetail": {
    "BoundSize": {
      "X": 16.84941,
      "Y": 12.36985,
      "Z": 12.2958
    }
  }
}