{
  "LodDetail": {
    "BoundSize": {
      "X": 0.794375,
      "Y": 1.979328,
      "Z": 1.904844
    }
  }
}