{
  "LodDetail": {
    "BoundSize": {
      "X": 1.68426,
      "Y": 2.938961,
      "Z": 1.1576
    }
  }
}