{
  "LodDetail": {
    "BoundSize": {
      "X": 1.017023,
      "Y": 0.591292,
      "Z": 0.520337
    }
  }
}