{
  "LodDetail": {
    "BoundSize": {
      "X": 3.77876,
      "Y": 3.4757,
      "Z": 3.77876
    }
  }
}