{
  "LodDetail": {
    "BoundSize": {
      "X": 0.556654,
      "Y": 0.978671,
      "Z": 2.360449
    }
  }
}