{
  "LodDetail": {
    "BoundSize": {
      "X": 1.730625,
      "Y": 2.957625,
      "Z": 1.817157
    }
  }
}