{
  "LodDetail": {
    "BoundSize": {
      "X": 0.264711,
      "Y": 1.22429,
      "Z": 0.264711
    }
  }
}