{
  "LodDetail": {
    "BoundSize": {
      "X": 2.894607,
      "Y": 3.005938,
      "Z": 3.191146
    }
  }
}