{
  "LodDetail": {
    "BoundSize": {
      "X": 6.989163,
      "Y": 4.830781,
      "Z": 4.802641
    }
  }
}