{
  "LodDetail": {
    "BoundSize": {
      "X": 0.113156,
      "Y": 0.113156,
      "Z": 0.113156
    }
  }
}