{
  "LodDetail": {
    "BoundSize": {
      "X": 3.882644,
      "Y": 3.922029,
      "Z": 5.839652
    }
  }
}