{
  "LodDetail": {
    "BoundSize": {
      "X": 4.040484,
      "Y": 3.602248,
      "Z": 5.514769
    }
  }
}