{
  "LodDetail": {
    "BoundSize": {
      "X": 2.370314,
      "Y": 3.278368,
      "Z": 2.327747
    }
  }
}