{
  "LodDetail": {
    "BoundSize": {
      "X": 0.313532,
      "Y": 0.02651,
      "Z": 0.072896
    }
  }
}