{
  "LodDetail": {
    "BoundSize": {
      "X": 0.494464,
      "Y": 0.251732,
      "Z": 0.362312
    }
  }
}