{
  "LodDetail": {
    "BoundSize": {
      "X": 0.810354,
      "Y": 0.86683,
      "Z": 0.899648
    }
  }
}