{
  "LodDetail": {
    "BoundSize": {
      "X": 0.818085,
      "Y": 1.547322,
      "Z": 0.496695
    }
  }
}