{
  "LodDetail": {
    "BoundSize": {
      "X": 1.42,
      "Y": 1.575313,
      "Z": 1.33125
    }
  }
}