{
  "LodDetail": {
    "BoundSize": {
      "X": 0.445313,
      "Y": 0.49163,
      "Z": 0.589339
    }
  }
}