{
  "LodDetail": {
    "BoundSize": {
      "X": 0.917961,
      "Y": 0.917961,
      "Z": 0.868533
    }
  }
}