{
  "LodDetail": {
    "BoundSize": {
      "X": 0.85549,
      "Y": 1.759522,
      "Z": 1.034498
    }
  }
}