{
  "LodDetail": {
    "BoundSize": {
      "X": 1.123242,
      "Y": 0.249324,
      "Z": 1.123242
    }
  }
}