{
  "LodDetail": {
    "BoundSize": {
      "X": 2.092828,
      "Y": 4.414131,
      "Z": 2.167357
    }
  }
}