{
  "LodDetail": {
    "BoundSize": {
      "X": 3.182027,
      "Y": 2.71418,
      "Z": 8.767478
    }
  }
}