{
  "LodDetail": {
    "BoundSize": {
      "X": 1.711108,
      "Y": 4.0537,
      "Z": 1.324507
    }
  }
}