{
  "LodDetail": {
    "BoundSize": {
      "X": 1.103278,
      "Y": 1.22808,
      "Z": 1.341012
    }
  }
}