{
  "LodDetail": {
    "BoundSize": {
      "X": 0.267369,
      "Y": 0.252275,
      "Z": 0.11
    }
  }
}