{
  "LodDetail": {
    "BoundSize": {
      "X": 1.172925,
      "Y": 0.846835,
      "Z": 3.046368
    }
  }
}