{
  "LodDetail": {
    "BoundSize": {
      "X": 4.160156,
      "Y": 4.160156,
      "Z": 4.327121
    }
  }
}