{
  "LodDetail": {
    "BoundSize": {
      "X": 1.060401,
      "Y": 0.13255,
      "Z": 0.638651
    }
  }
}