{
  "LodDetail": {
    "BoundSize": {
      "X": 0.973168,
      "Y": 0.935163,
      "Z": 0.890632
    }
  }
}