{
  "LodDetail": {
    "BoundSize": {
      "X": 2.154961,
      "Y": 0.627478,
      "Z": 0.491646
    }
  }
}