{
  "LodDetail": {
    "BoundSize": {
      "X": 2.997422,
      "Y": 5.293064,
      "Z": 2.997422
    }
  }
}