{
  "LodDetail": {
    "BoundSize": {
      "X": 1.53271,
      "Y": 3.577735,
      "Z": 11.41875
    }
  }
}