{
  "LodDetail": {
    "BoundSize": {
      "X": 1.442354,
      "Y": 1.878681,
      "Z": 1.467938
    }
  }
}