{
  "LodDetail": {
    "BoundSize": {
      "X": 5.082765,
      "Y": 1.844141,
      "Z": 18.23262
    }
  }
}