{
  "LodDetail": {
    "BoundSize": {
      "X": 13.89908,
      "Y": 55.36151,
      "Z": 64.83125
    }
  }
}