{
  "LodDetail": {
    "BoundSize": {
      "X": 0.678541,
      "Y": 0.679107,
      "Z": 0.701373
    }
  }
}