{
  "LodDetail": {
    "BoundSize": {
      "X": 5.164839,
      "Y": 5.203432,
      "Z": 5.2323
    }
  }
}