{
  "LodDetail": {
    "BoundSize": {
      "X": 7.70335,
      "Y": 15.88731,
      "Z": 3.765188
    }
  }
}