{
  "LodDetail": {
    "BoundSize": {
      "X": 0.807237,
      "Y": 0.955505,
      "Z": 1.11258
    }
  }
}