{
  "LodDetail": {
    "BoundSize": {
      "X": 4.209143,
      "Y": 4.074311,
      "Z": 4.951277
    }
  }
}