{
  "LodDetail": {
    "BoundSize": {
      "X": 0.78125,
      "Y": 0.609375,
      "Z": 0.515625
    }
  }
}