{
  "LodDetail": {
    "BoundSize": {
      "X": 3.882813,
      "Y": 3.395981,
      "Z": 3.660938
    }
  }
}