{
  "LodDetail": {
    "BoundSize": {
      "X": 0.43972,
      "Y": 0.494224,
      "Z": 0.562844
    }
  }
}