{
  "LodDetail": {
    "BoundSize": {
      "X": 2.65539,
      "Y": 5.444632,
      "Z": 4.407457
    }
  }
}