{
  "LodDetail": {
    "BoundSize": {
      "X": 4.27829,
      "Y": 1.736572,
      "Z": 6.932185
    }
  }
}