{
  "LodDetail": {
    "BoundSize": {
      "X": 3.263652,
      "Y": 6.739923,
      "Z": 3.738366
    }
  }
}