{
  "LodDetail": {
    "BoundSize": {
      "X": 0.018476,
      "Y": 0.010369,
      "Z": 0.012897
    }
  }
}