{
  "LodDetail": {
    "BoundSize": {
      "X": 0.944531,
      "Y": 0.954195,
      "Z": 16.40364
    }
  }
}