{
  "LodDetail": {
    "BoundSize": {
      "X": 1.109375,
      "Y": 1.931445,
      "Z": 1.464375
    }
  }
}