{
  "LodDetail": {
    "BoundSize": {
      "X": 1.438979,
      "Y": 1.569796,
      "Z": 1.308163
    }
  }
}