{
  "LodDetail": {
    "BoundSize": {
      "X": 2.019063,
      "Y": 4.903438,
      "Z": 2.019063
    }
  }
}