{
  "LodDetail": {
    "BoundSize": {
      "X": 1.980934,
      "Y": 2.891171,
      "Z": 2.027511
    }
  }
}