{
  "LodDetail": {
    "BoundSize": {
      "X": 23.29215,
      "Y": 11.8016,
      "Z": 24.99932
    }
  }
}