{
  "LodDetail": {
    "BoundSize": {
      "X": 0.47951,
      "Y": 0.47951,
      "Z": 6.215847
    }
  }
}