{
  "LodDetail": {
    "BoundSize": {
      "X": 8.632848,
      "Y": 7.621445,
      "Z": 6.835466
    }
  }
}