{
  "LodDetail": {
    "BoundSize": {
      "X": 0.617028,
      "Y": 1.071872,
      "Z": 0.968782
    }
  }
}