{
  "LodDetail": {
    "BoundSize": {
      "X": 1.864777,
      "Y": 2.966815,
      "Z": 10.80879
    }
  }
}