{
  "LodDetail": {
    "BoundSize": {
      "X": 6.135607,
      "Y": 8.240431,
      "Z": 8.280112
    }
  }
}