{
  "LodDetail": {
    "BoundSize": {
      "X": 0.554004,
      "Y": 0.506172,
      "Z": 0.73369
    }
  }
}