{
  "LodDetail": {
    "BoundSize": {
      "X": 22.91058,
      "Y": 6.049294,
      "Z": 22.91058
    }
  }
}