{
  "LodDetail": {
    "BoundSize": {
      "X": 6.993915,
      "Y": 2.743236,
      "Z": 7.101515
    }
  }
}