{
  "LodDetail": {
    "BoundSize": {
      "X": 9.009282,
      "Y": 29.85622,
      "Z": 1.801857
    }
  }
}