{
  "LodDetail": {
    "BoundSize": {
      "X": 34.08537,
      "Y": 79.52914,
      "Z": 57.65193
    }
  }
}