{
  "LodDetail": {
    "BoundSize": {
      "X": 19.10749,
      "Y": 23.6193,
      "Z": 8.929799
    }
  }
}