{
  "LodDetail": {
    "BoundSize": {
      "X": 2.574959,
      "Y": 2.190637,
      "Z": 2.459662
    }
  }
}