{
  "LodDetail": {
    "BoundSize": {
      "X": 3.328125,
      "Y": 2.219844,
      "Z": 3.328126
    }
  }
}