{
  "LodDetail": {
    "BoundSize": {
      "X": 0.269578,
      "Y": 0.880706,
      "Z": 0.251606
    }
  }
}