{
  "LodDetail": {
    "BoundSize": {
      "X": 0.971364,
      "Y": 1.423411,
      "Z": 1.000799
    }
  }
}