{
  "LodDetail": {
    "BoundSize": {
      "X": 0.640625,
      "Y": 1.043434,
      "Z": 1.929414
    }
  }
}