{
  "LodDetail": {
    "BoundSize": {
      "X": 3.436199,
      "Y": 2.791953,
      "Z": 3.65096
    }
  }
}