{
  "LodDetail": {
    "BoundSize": {
      "X": 0.734375,
      "Y": 0.617188,
      "Z": 0.640625
    }
  }
}