{
  "LodDetail": {
    "BoundSize": {
      "X": 2.294472,
      "Y": 1.101802,
      "Z": 0.608251
    }
  }
}