{
  "LodDetail": {
    "BoundSize": {
      "X": 6.01671,
      "Y": 4.512533,
      "Z": 6.01671
    }
  }
}