{
  "LodDetail": {
    "BoundSize": {
      "X": 3.62713,
      "Y": 5.062397,
      "Z": 4.084794
    }
  }
}