{
  "LodDetail": {
    "BoundSize": {
      "X": 8.099608,
      "Y": 8.099608,
      "Z": 7.218539
    }
  }
}