{
  "LodDetail": {
    "BoundSize": {
      "X": 2.375736,
      "Y": 2.375736,
      "Z": 3.240145
    }
  }
}