{
  "LodDetail": {
    "BoundSize": {
      "X": 2.620488,
      "Y": 9.332771,
      "Z": 2.620438
    }
  }
}