{
  "LodDetail": {
    "BoundSize": {
      "X": 3.377265,
      "Y": 10.0228,
      "Z": 2.495261
    }
  }
}