{
  "LodDetail": {
    "BoundSize": {
      "X": 2.620487,
      "Y": 3.014369,
      "Z": 8.521862
    }
  }
}