{
  "LodDetail": {
    "BoundSize": {
      "X": 12.38338,
      "Y": 9.877217,
      "Z": 8.697847
    }
  }
}