{
  "LodDetail": {
    "BoundSize": {
      "X": 27.29632,
      "Y": 27.29632,
      "Z": 32.31757
    }
  }
}