{
  "LodDetail": {
    "BoundSize": {
      "X": 2.385498,
      "Y": 2.595552,
      "Z": 0.7445
    }
  }
}