{
  "LodDetail": {
    "BoundSize": {
      "X": 0.445313,
      "Y": 1.238828,
      "Z": 0.445313
    }
  }
}