{
  "LodDetail": {
    "BoundSize": {
      "X": 14.89077,
      "Y": 12.2957,
      "Z": 10.97358
    }
  }
}