{
  "LodDetail": {
    "BoundSize": {
      "X": 48.54229,
      "Y": 9.039045,
      "Z": 16.29122
    }
  }
}