{
  "LodDetail": {
    "BoundSize": {
      "X": 2.027872,
      "Y": 3.515675,
      "Z": 1.820794
    }
  }
}