{
  "LodDetail": {
    "BoundSize": {
      "X": 0.724959,
      "Y": 1.670655,
      "Z": 0.187952
    }
  }
}