{
  "LodDetail": {
    "BoundSize": {
      "X": 5.821357,
      "Y": 9.188972,
      "Z": 12.94508
    }
  }
}