{
  "LodDetail": {
    "BoundSize": {
      "X": 1.369293,
      "Y": 0.84705,
      "Z": 3.014099
    }
  }
}