{
  "LodDetail": {
    "BoundSize": {
      "X": 1.393666,
      "Y": 1.35073,
      "Z": 1.916132
    }
  }
}