{
  "LodDetail": {
    "BoundSize": {
      "X": 0.711961,
      "Y": 1.13061,
      "Z": 1.446216
    }
  }
}