{
  "LodDetail": {
    "BoundSize": {
      "X": 3.096225,
      "Y": 6.177962,
      "Z": 31.1294
    }
  }
}