{
  "LodDetail": {
    "BoundSize": {
      "X": 13.04975,
      "Y": 0.388733,
      "Z": 12.86063
    }
  }
}