{
  "LodDetail": {
    "BoundSize": {
      "X": 0.192709,
      "Y": 1.964054,
      "Z": 2.018904
    }
  }
}