{
  "LodDetail": {
    "BoundSize": {
      "X": 0.106604,
      "Y": 0.106604,
      "Z": 0.955625
    }
  }
}