{
  "LodDetail": {
    "BoundSize": {
      "X": 54.66766,
      "Y": 43.30814,
      "Z": 56.79757
    }
  }
}