{
  "LodDetail": {
    "BoundSize": {
      "X": 1.017156,
      "Y": 1.047123,
      "Z": 1.022192
    }
  }
}