{
  "LodDetail": {
    "BoundSize": {
      "X": 0.864916,
      "Y": 1.643261,
      "Z": 0.961236
    }
  }
}