{
  "LodDetail": {
    "BoundSize": {
      "X": 1.877383,
      "Y": 0.454844,
      "Z": 0.832031
    }
  }
}