{
  "LodDetail": {
    "BoundSize": {
      "X": 3.727501,
      "Y": 7.050395,
      "Z": 1.86375
    }
  }
}