{
  "LodDetail": {
    "BoundSize": {
      "X": 0.890821,
      "Y": 0.481591,
      "Z": 0.910618
    }
  }
}