{
  "LodDetail": {
    "BoundSize": {
      "X": 2.04465,
      "Y": 2.20752,
      "Z": 2.123157
    }
  }
}