{
  "LodDetail": {
    "BoundSize": {
      "X": 38.78628,
      "Y": 6.759848,
      "Z": 43.47018
    }
  }
}