{
  "LodDetail": {
    "BoundSize": {
      "X": 67.86781,
      "Y": 16.07396,
      "Z": 67.86784
    }
  }
}