{
  "LodDetail": {
    "BoundSize": {
      "X": 0.537625,
      "Y": 0.891261,
      "Z": 3.130198
    }
  }
}