{
  "LodDetail": {
    "BoundSize": {
      "X": 8.808679,
      "Y": 35.08591,
      "Z": 41.08745
    }
  }
}