{
  "LodDetail": {
    "BoundSize": {
      "X": 0.265625,
      "Y": 0.140625,
      "Z": 0.109375
    }
  }
}