{
  "LodDetail": {
    "BoundSize": {
      "X": 2.124675,
      "Y": 1.956938,
      "Z": 2.124676
    }
  }
}