{
  "LodDetail": {
    "BoundSize": {
      "X": 0.851124,
      "Y": 1.066277,
      "Z": 0.766351
    }
  }
}