{
  "LodDetail": {
    "BoundSize": {
      "X": 14.45723,
      "Y": 4.273688,
      "Z": 13.50578
    }
  }
}