{
  "LodDetail": {
    "BoundSize": {
      "X": 0.95975,
      "Y": 0.375,
      "Z": 0.679688
    }
  }
}