{
  "LodDetail": {
    "BoundSize": {
      "X": 2.582117,
      "Y": 2.582941,
      "Z": 1.936209
    }
  }
}