{
  "LodDetail": {
    "BoundSize": {
      "X": 1.682701,
      "Y": 1.234524,
      "Z": 1.234524
    }
  }
}