{
  "LodDetail": {
    "BoundSize": {
      "X": 3.753901,
      "Y": 5.464942,
      "Z": 3.69383
    }
  }
}