{
  "LodDetail": {
    "BoundSize": {
      "X": 0.630083,
      "Y": 0.463324,
      "Z": 0.376514
    }
  }
}