{
  "LodDetail": {
    "BoundSize": {
      "X": 2.836287,
      "Y": 0.932777,
      "Z": 2.356023
    }
  }
}