{
  "LodDetail": {
    "BoundSize": {
      "X": 2.317208,
      "Y": 3.090045,
      "Z": 3.089612
    }
  }
}