{
  "LodDetail": {
    "BoundSize": {
      "X": 0.083203,
      "Y": 0.166406,
      "Z": 1.466797
    }
  }
}