{
  "LodDetail": {
    "BoundSize": {
      "X": 1.286875,
      "Y": 6.928592,
      "Z": 1.683398
    }
  }
}