{
  "LodDetail": {
    "BoundSize": {
      "X": 1.263938,
      "Y": 1.388532,
      "Z": 1.068539
    }
  }
}