{
  "LodDetail": {
    "BoundSize": {
      "X": 2.895468,
      "Y": 2.845547,
      "Z": 1.148438
    }
  }
}