{
  "LodDetail": {
    "BoundSize": {
      "X": 2.32893,
      "Y": 4.038006,
      "Z": 1.164465
    }
  }
}