{
  "LodDetail": {
    "BoundSize": {
      "X": 0.616154,
      "Y": 0.258721,
      "Z": 0.530839
    }
  }
}