{
  "LodDetail": {
    "BoundSize": {
      "X": 0.721833,
      "Y": 0.873737,
      "Z": 0.999522
    }
  }
}