{
  "LodDetail": {
    "BoundSize": {
      "X": 1.635743,
      "Y": 3.313103,
      "Z": 1.432891
    }
  }
}