{
  "LodDetail": {
    "BoundSize": {
      "X": 1.228078,
      "Y": 1.332914,
      "Z": 1.273039
    }
  }
}