{
  "LodDetail": {
    "BoundSize": {
      "X": 1.697346,
      "Y": 1.686252,
      "Z": 0.408277
    }
  }
}