{
  "LodDetail": {
    "BoundSize": {
      "X": 1.005477,
      "Y": 1.007265,
      "Z": 5.569117
    }
  }
}