{
  "LodDetail": {
    "BoundSize": {
      "X": 0.71875,
      "Y": 0.578125,
      "Z": 0.523438
    }
  }
}