{
  "LodDetail": {
    "BoundSize": {
      "X": 3.413793,
      "Y": 4.170678,
      "Z": 3.413793
    }
  }
}