{
  "LodDetail": {
    "BoundSize": {
      "X": 2.228672,
      "Y": 4.351832,
      "Z": 2.256022
    }
  }
}