{
  "LodDetail": {
    "BoundSize": {
      "X": 0.761719,
      "Y": 0.957031,
      "Z": 0.839844
    }
  }
}