{
  "LodDetail": {
    "BoundSize": {
      "X": 2.998,
      "Y": 4.39797,
      "Z": 7.919059
    }
  }
}