{
  "LodDetail": {
    "BoundSize": {
      "X": 3.023403,
      "Y": 2.914066,
      "Z": 2.685644
    }
  }
}