{
  "LodDetail": {
    "BoundSize": {
      "X": 5.118123,
      "Y": 1.665277,
      "Z": 1.589658
    }
  }
}