{
  "LodDetail": {
    "BoundSize": {
      "X": 2.527498,
      "Y": 2.527498,
      "Z": 2.527498
    }
  }
}