{
  "LodDetail": {
    "BoundSize": {
      "X": 3.256937,
      "Y": 0.516362,
      "Z": 3.256938
    }
  }
}