{
  "LodDetail": {
    "BoundSize": {
      "X": 1.473694,
      "Y": 1.427641,
      "Z": 1.519747
    }
  }
}