{
  "LodDetail": {
    "BoundSize": {
      "X": 3.660938,
      "Y": 3.386368,
      "Z": 3.56962
    }
  }
}