{
  "LodDetail": {
    "BoundSize": {
      "X": 16.39112,
      "Y": 12.30389,
      "Z": 30.11682
    }
  }
}