{
  "LodDetail": {
    "BoundSize": {
      "X": 8.519234,
      "Y": 8.181797,
      "Z": 9.818365
    }
  }
}