{
  "LodDetail": {
    "BoundSize": {
      "X": 5.750368,
      "Y": 3.980685,
      "Z": 8.91821
    }
  }
}