{
  "LodDetail": {
    "BoundSize": {
      "X": 13.45948,
      "Y": 5.487653,
      "Z": 18.85021
    }
  }
}