{
  "LodDetail": {
    "BoundSize": {
      "X": 3.148047,
      "Y": 7.321876,
      "Z": 17.77207
    }
  }
}