{
  "LodDetail": {
    "BoundSize": {
      "X": 0.431923,
      "Y": 2.08779,
      "Z": 2.72926
    }
  }
}