{
  "LodDetail": {
    "BoundSize": {
      "X": 1.603324,
      "Y": 1.813251,
      "Z": 1.637438
    }
  }
}