{
  "LodDetail": {
    "BoundSize": {
      "X": 5.31185,
      "Y": 5.183299,
      "Z": 5.380769
    }
  }
}