{
  "LodDetail": {
    "BoundSize": {
      "X": 0.731686,
      "Y": 0.652318,
      "Z": 0.749014
    }
  }
}