{
  "LodDetail": {
    "BoundSize": {
      "X": 8.583397,
      "Y": 18.31975,
      "Z": 13.6761
    }
  }
}