{
  "LodDetail": {
    "BoundSize": {
      "X": 4.076953,
      "Y": 2.912151,
      "Z": 4.24336
    }
  }
}