{
  "LodDetail": {
    "BoundSize": {
      "X": 2.259511,
      "Y": 2.229327,
      "Z": 2.228862
    }
  }
}