{
  "LodDetail": {
    "BoundSize": {
      "X": 3.572026,
      "Y": 3.591595,
      "Z": 3.287401
    }
  }
}