{
  "LodDetail": {
    "BoundSize": {
      "X": 1.072912,
      "Y": 0.172656,
      "Z": 1.308891
    }
  }
}