{
  "LodDetail": {
    "BoundSize": {
      "X": 5.414423,
      "Y": 3.838362,
      "Z": 3.566609
    }
  }
}