{
  "LodDetail": {
    "BoundSize": {
      "X": 1.396362,
      "Y": 0.677866,
      "Z": 0.638927
    }
  }
}