{
  "LodDetail": {
    "BoundSize": {
      "X": 3.147328,
      "Y": 4.791384,
      "Z": 1.712214
    }
  }
}