{
  "LodDetail": {
    "BoundSize": {
      "X": 2.069787,
      "Y": 1.079726,
      "Z": 1.415641
    }
  }
}