{
  "LodDetail": {
    "BoundSize": {
      "X": 2.368258,
      "Y": 2.33681,
      "Z": 2.398229
    }
  }
}