{
  "LodDetail": {
    "BoundSize": {
      "X": 0.601563,
      "Y": 0.237891,
      "Z": 0.625
    }
  }
}