{
  "LodDetail": {
    "BoundSize": {
      "X": 0.889453,
      "Y": 0.429688,
      "Z": 1.343828
    }
  }
}