{
  "LodDetail": {
    "BoundSize": {
      "X": 1.928393,
      "Y": 0.964196,
      "Z": 1.020914
    }
  }
}