{
  "LodDetail": {
    "BoundSize": {
      "X": 1.776999,
      "Y": 1.841967,
      "Z": 1.698022
    }
  }
}