{
  "LodDetail": {
    "BoundSize": {
      "X": 7.571484,
      "Y": 7.183203,
      "Z": 3.10625
    }
  }
}