{
  "LodDetail": {
    "BoundSize": {
      "X": 1.688711,
      "Y": 2.76207,
      "Z": 1.770223
    }
  }
}