{
  "LodDetail": {
    "BoundSize": {
      "X": 0.536794,
      "Y": 0.541809,
      "Z": 0.678056
    }
  }
}