{
  "LodDetail": {
    "BoundSize": {
      "X": 7.617625,
      "Y": 1.155469,
      "Z": 10.3149
    }
  }
}