{
  "LodDetail": {
    "BoundSize": {
      "X": 0.928125,
      "Y": 2.327258,
      "Z": 12.49102
    }
  }
}