{
  "LodDetail": {
    "BoundSize": {
      "X": 12.81328,
      "Y": 11.32891,
      "Z": 12.81328
    }
  }
}