{
  "LodDetail": {
    "BoundSize": {
      "X": 2.58924,
      "Y": 5.282317,
      "Z": 2.008476
    }
  }
}