{
  "LodDetail": {
    "BoundSize": {
      "X": 0.507813,
      "Y": 0.398438,
      "Z": 0.492188
    }
  }
}