{
  "LodDetail": {
    "BoundSize": {
      "X": 1.018622,
      "Y": 1.908649,
      "Z": 1.329079
    }
  }
}