{
  "LodDetail": {
    "BoundSize": {
      "X": 2.103638,
      "Y": 1.352128,
      "Z": 1.583297
    }
  }
}