{
  "LodDetail": {
    "BoundSize": {
      "X": 2.89281,
      "Y": 1.937504,
      "Z": 2.676923
    }
  }
}