{
  "LodDetail": {
    "BoundSize": {
      "X": 3.050781,
      "Y": 3.61639,
      "Z": 3.050781
    }
  }
}