{
  "LodDetail": {
    "BoundSize": {
      "X": 0.430172,
      "Y": 0.59375,
      "Z": 0.576269
    }
  }
}