{
  "LodDetail": {
    "BoundSize": {
      "X": 0.727813,
      "Y": 0.691422,
      "Z": 1.863891
    }
  }
}