{
  "LodDetail": {
    "BoundSize": {
      "X": 1.476563,
      "Y": 4.322677,
      "Z": 1.421875
    }
  }
}