{
  "LodDetail": {
    "BoundSize": {
      "X": 5.638232,
      "Y": 7.31189,
      "Z": 6.919648
    }
  }
}