{
  "LodDetail": {
    "BoundSize": {
      "X": 2.654375,
      "Y": 2.685694,
      "Z": 8.411963
    }
  }
}