{
  "LodDetail": {
    "BoundSize": {
      "X": 18.41463,
      "Y": 23.85531,
      "Z": 22.25784
    }
  }
}