{
  "LodDetail": {
    "BoundSize": {
      "X": 7.423116,
      "Y": 9.779623,
      "Z": 18.83185
    }
  }
}