{
  "LodDetail": {
    "BoundSize": {
      "X": 0.941016,
      "Y": 0.492188,
      "Z": 1.384062
    }
  }
}