{
  "LodDetail": {
    "BoundSize": {
      "X": 0.805406,
      "Y": 1.922044,
      "Z": 0.855744
    }
  }
}