{
  "LodDetail": {
    "BoundSize": {
      "X": 3.284753,
      "Y": 3.236815,
      "Z": 3.284753
    }
  }
}