{
  "LodDetail": {
    "BoundSize": {
      "X": 0.479883,
      "Y": 0.479883,
      "Z": 0.479883
    }
  }
}