{
  "LodDetail": {
    "BoundSize": {
      "X": 7.39594,
      "Y": 7.946693,
      "Z": 8.025749
    }
  }
}