{
  "LodDetail": {
    "BoundSize": {
      "X": 1.492481,
      "Y": 1.821695,
      "Z": 1.620786
    }
  }
}