{
  "LodDetail": {
    "BoundSize": {
      "X": 4.172151,
      "Y": 3.982101,
      "Z": 4.083538
    }
  }
}