{
  "LodDetail": {
    "BoundSize": {
      "X": 0.669438,
      "Y": 0.876026,
      "Z": 0.375
    }
  }
}