{
  "LodDetail": {
    "BoundSize": {
      "X": 0.476563,
      "Y": 0.398438,
      "Z": 0.476563
    }
  }
}