{
  "LodDetail": {
    "BoundSize": {
      "X": 0.589785,
      "Y": 0.397375,
      "Z": 0.4375
    }
  }
}