{
  "LodDetail": {
    "BoundSize": {
      "X": 0.5,
      "Y": 0.332813,
      "Z": 0.332813
    }
  }
}