{
  "LodDetail": {
    "BoundSize": {
      "X": 0.6875,
      "Y": 0.109375,
      "Z": 0.210938
    }
  }
}