{
  "LodDetail": {
    "BoundSize": {
      "X": 3.91256,
      "Y": 6.262109,
      "Z": 3.91256
    }
  }
}