{
  "LodDetail": {
    "BoundSize": {
      "X": 0.351563,
      "Y": 0.367188,
      "Z": 1.566307
    }
  }
}