{
  "LodDetail": {
    "BoundSize": {
      "X": 1.238505,
      "Y": 0.483319,
      "Z": 0.573941
    }
  }
}