{
  "LodDetail": {
    "BoundSize": {
      "X": 1.34756,
      "Y": 1.536691,
      "Z": 1.080975
    }
  }
}