{
  "LodDetail": {
    "BoundSize": {
      "X": 2.032519,
      "Y": 6.601645,
      "Z": 1.665518
    }
  }
}