{
  "LodDetail": {
    "BoundSize": {
      "X": 2.385664,
      "Y": 0.678639,
      "Z": 0.5022
    }
  }
}