{
  "LodDetail": {
    "BoundSize": {
      "X": 0.510001,
      "Y": 0.48202,
      "Z": 0.484607
    }
  }
}