{
  "LodDetail": {
    "BoundSize": {
      "X": 2.13065,
      "Y": 2.506647,
      "Z": 2.44398
    }
  }
}