{
  "LodDetail": {
    "BoundSize": {
      "X": 0.671875,
      "Y": 0.554688,
      "Z": 1.555664
    }
  }
}