{
  "LodDetail": {
    "BoundSize": {
      "X": 23.65187,
      "Y": 19.61375,
      "Z": 29.42063
    }
  }
}