{
  "LodDetail": {
    "BoundSize": {
      "X": 0.695313,
      "Y": 0.46875,
      "Z": 0.46875
    }
  }
}