{
  "LodDetail": {
    "BoundSize": {
      "X": 14.41358,
      "Y": 3.62019,
      "Z": 12.84059
    }
  }
}