{
  "LodDetail": {
    "BoundSize": {
      "X": 1.345392,
      "Y": 0.704531,
      "Z": 0.815641
    }
  }
}