{
  "LodDetail": {
    "BoundSize": {
      "X": 0.664063,
      "Y": 0.617188,
      "Z": 0.585938
    }
  }
}