{
  "LodDetail": {
    "BoundSize": {
      "X": 1.090266,
      "Y": 0.975495,
      "Z": 1.166048
    }
  }
}