{
  "LodDetail": {
    "BoundSize": {
      "X": 6.505356,
      "Y": 0.216415,
      "Z": 1.628888
    }
  }
}