{
  "LodDetail": {
    "BoundSize": {
      "X": 3.622387,
      "Y": 9.912485,
      "Z": 1.579432
    }
  }
}