{
  "LodDetail": {
    "BoundSize": {
      "X": 0.851563,
      "Y": 1.808555,
      "Z": 0.648438
    }
  }
}