{
  "LodDetail": {
    "BoundSize": {
      "X": 3.734413,
      "Y": 3.69612,
      "Z": 3.954085
    }
  }
}