{
  "LodDetail": {
    "BoundSize": {
      "X": 6.033288,
      "Y": 27.62008,
      "Z": 6.630282
    }
  }
}