{
  "LodDetail": {
    "BoundSize": {
      "X": 1.961377,
      "Y": 5.870625,
      "Z": 1.556501
    }
  }
}