{
  "LodDetail": {
    "BoundSize": {
      "X": 45.48145,
      "Y": 36.08828,
      "Z": 60.17246
    }
  }
}