{
  "LodDetail": {
    "BoundSize": {
      "X": 5.327664,
      "Y": 4.787176,
      "Z": 5.327664
    }
  }
}