{
  "LodDetail": {
    "BoundSize": {
      "X": 11.00622,
      "Y": 12.2957,
      "Z": 8.95213
    }
  }
}