{
  "LodDetail": {
    "BoundSize": {
      "X": 0.279032,
      "Y": 0.279032,
      "Z": 0.279032
    }
  }
}