{
  "LodDetail": {
    "BoundSize": {
      "X": 3.435039,
      "Y": 2.809974,
      "Z": 11.69727
    }
  }
}