{
  "LodDetail": {
    "BoundSize": {
      "X": 0.960938,
      "Y": 0.96875,
      "Z": 0.804688
    }
  }
}