{
  "LodDetail": {
    "BoundSize": {
      "X": 2.740258,
      "Y": 3.978352,
      "Z": 2.832859
    }
  }
}