{
  "LodDetail": {
    "BoundSize": {
      "X": 3.820244,
      "Y": 5.420078,
      "Z": 3.334442
    }
  }
}