{
  "LodDetail": {
    "BoundSize": {
      "X": 1.129957,
      "Y": 1.396881,
      "Z": 1.398323
    }
  }
}