{
  "LodDetail": {
    "BoundSize": {
      "X": 1.361696,
      "Y": 1.030675,
      "Z": 1.239047
    }
  }
}