{
  "LodDetail": {
    "BoundSize": {
      "X": 6.573008,
      "Y": 3.118196,
      "Z": 6.573008
    }
  }
}