{
  "LodDetail": {
    "BoundSize": {
      "X": 0.639929,
      "Y": 1.442908,
      "Z": 10.14483
    }
  }
}