{
  "LodDetail": {
    "BoundSize": {
      "X": 1.649408,
      "Y": 3.655859,
      "Z": 1.649408
    }
  }
}