{
  "LodDetail": {
    "BoundSize": {
      "X": 3.396017,
      "Y": 1.245335,
      "Z": 11.37073
    }
  }
}