{
  "LodDetail": {
    "BoundSize": {
      "X": 4.395201,
      "Y": 7.130956,
      "Z": 4.347698
    }
  }
}