{
  "LodDetail": {
    "BoundSize": {
      "X": 1.020841,
      "Y": 1.427716,
      "Z": 0.825953
    }
  }
}