{
  "LodDetail": {
    "BoundSize": {
      "X": 3.10625,
      "Y": 3.10625,
      "Z": 3.10625
    }
  }
}