{
  "LodDetail": {
    "BoundSize": {
      "X": 3.657092,
      "Y": 3.31115,
      "Z": 1.910938
    }
  }
}