{
  "LodDetail": {
    "BoundSize": {
      "X": 0.510125,
      "Y": 0.510125,
      "Z": 1.606687
    }
  }
}