{
  "LodDetail": {
    "BoundSize": {
      "X": 0.42573,
      "Y": 1.204476,
      "Z": 0.503052
    }
  }
}