{
  "LodDetail": {
    "BoundSize": {
      "X": 5.155697,
      "Y": 3.057438,
      "Z": 3.057438
    }
  }
}