{
  "LodDetail": {
    "BoundSize": {
      "X": 17.93521,
      "Y": 17.18791,
      "Z": 5.572477
    }
  }
}