{
  "LodDetail": {
    "BoundSize": {
      "X": 2.234082,
      "Y": 1.171875,
      "Z": 2.1875
    }
  }
}