{
  "LodDetail": {
    "BoundSize": {
      "X": 6.19343,
      "Y": 10.33283,
      "Z": 5.242096
    }
  }
}