{
  "LodDetail": {
    "BoundSize": {
      "X": 15.91116,
      "Y": 11.67696,
      "Z": 11.55858
    }
  }
}