{
  "LodDetail": {
    "BoundSize": {
      "X": 0.992198,
      "Y": 1.634778,
      "Z": 1.616379
    }
  }
}