{
  "LodDetail": {
    "BoundSize": {
      "X": 14.62225,
      "Y": 9.902443,
      "Z": 5.070961
    }
  }
}