{
  "LodDetail": {
    "BoundSize": {
      "X": 25.88673,
      "Y": 23.22038,
      "Z": 32.44469
    }
  }
}