{
  "LodDetail": {
    "BoundSize": {
      "X": 0.85809,
      "Y": 1.676426,
      "Z": 1.701719
    }
  }
}