{
  "LodDetail": {
    "BoundSize": {
      "X": 0.751059,
      "Y": 0.751059,
      "Z": 1.097702
    }
  }
}