{
  "LodDetail": {
    "BoundSize": {
      "X": 5.286908,
      "Y": 2.862915,
      "Z": 7.545788
    }
  }
}