{
  "LodDetail": {
    "BoundSize": {
      "X": 15.16632,
      "Y": 85.11821,
      "Z": 49.38547
    }
  }
}