{
  "LodDetail": {
    "BoundSize": {
      "X": 0.570232,
      "Y": 0.99,
      "Z": 1.057228
    }
  }
}