{
  "LodDetail": {
    "BoundSize": {
      "X": 0.789156,
      "Y": 0.722538,
      "Z": 0.735708
    }
  }
}