{
  "LodDetail": {
    "BoundSize": {
      "X": 8.224529,
      "Y": 2.55687,
      "Z": 7.99607
    }
  }
}