{
  "LodDetail": {
    "BoundSize": {
      "X": 1.896839,
      "Y": 1.185492,
      "Z": 1.259585
    }
  }
}