{
  "LodDetail": {
    "BoundSize": {
      "X": 1.488237,
      "Y": 0.682408,
      "Z": 0.62894
    }
  }
}