{
  "LodDetail": {
    "BoundSize": {
      "X": 1.413672,
      "Y": 0.592969,
      "Z": 0.4375
    }
  }
}