{
  "LodDetail": {
    "BoundSize": {
      "X": 2.923327,
      "Y": 2.065395,
      "Z": 3.082204
    }
  }
}