{
  "LodDetail": {
    "BoundSize": {
      "X": 1.68625,
      "Y": 1.68625,
      "Z": 1.893125
    }
  }
}