{
  "LodDetail": {
    "BoundSize": {
      "X": 0.889234,
      "Y": 0.374414,
      "Z": 0.889234
    }
  }
}