{
  "LodDetail": {
    "BoundSize": {
      "X": 1.939979,
      "Y": 5.667963,
      "Z": 5.74
    }
  }
}