{
  "LodDetail": {
    "BoundSize": {
      "X": 0.078754,
      "Y": 0.099725,
      "Z": 0.779717
    }
  }
}