{
  "LodDetail": {
    "BoundSize": {
      "X": 12.37993,
      "Y": 12.7139,
      "Z": 9.002056
    }
  }
}