{
  "LodDetail": {
    "BoundSize": {
      "X": 1.24841,
      "Y": 1.270288,
      "Z": 1.266616
    }
  }
}