{
  "LodDetail": {
    "BoundSize": {
      "X": 6.688952,
      "Y": 6.473631,
      "Z": 6.569507
    }
  }
}