{
  "LodDetail": {
    "BoundSize": {
      "X": 0.990311,
      "Y": 0.122824,
      "Z": 0.594187
    }
  }
}