{
  "LodDetail": {
    "BoundSize": {
      "X": 96.77949,
      "Y": 97.19824,
      "Z": 96.67924
    }
  }
}