{
  "LodDetail": {
    "BoundSize": {
      "X": 0.598494,
      "Y": 1.664503,
      "Z": 3.708353
    }
  }
}