{
  "LodDetail": {
    "BoundSize": {
      "X": 5.741017,
      "Y": 1.913672,
      "Z": 5.741017
    }
  }
}