{
  "LodDetail": {
    "BoundSize": {
      "X": 7.865484,
      "Y": 8.293924,
      "Z": 8.225089
    }
  }
}