{
  "LodDetail": {
    "BoundSize": {
      "X": 3.149559,
      "Y": 5.181433,
      "Z": 4.487627
    }
  }
}