{
  "LodDetail": {
    "BoundSize": {
      "X": 1.682752,
      "Y": 0.897288,
      "Z": 0.874242
    }
  }
}