{
  "LodDetail": {
    "BoundSize": {
      "X": 1.777759,
      "Y": 1.742901,
      "Z": 1.777759
    }
  }
}