{
  "LodDetail": {
    "BoundSize": {
      "X": 0.605866,
      "Y": 3.813436,
      "Z": 4.551775
    }
  }
}