{
  "LodDetail": {
    "BoundSize": {
      "X": 0.754687,
      "Y": 0.5005,
      "Z": 0.906266
    }
  }
}