{
  "LodDetail": {
    "BoundSize": {
      "X": 7.313248,
      "Y": 3.314152,
      "Z": 7.871311
    }
  }
}