{
  "LodDetail": {
    "BoundSize": {
      "X": 2.679068,
      "Y": 2.496094,
      "Z": 4.921368
    }
  }
}