{
  "LodDetail": {
    "BoundSize": {
      "X": 1.357875,
      "Y": 1.357875,
      "Z": 1.357875
    }
  }
}