{
  "LodDetail": {
    "BoundSize": {
      "X": 0.757813,
      "Y": 1.714922,
      "Z": 0.757813
    }
  }
}