{
  "LodDetail": {
    "BoundSize": {
      "X": 1.894095,
      "Y": 0.410282,
      "Z": 2.096307
    }
  }
}