{
  "LodDetail": {
    "BoundSize": {
      "X": 2.637223,
      "Y": 12.22325,
      "Z": 4.876232
    }
  }
}