{
  "LodDetail": {
    "BoundSize": {
      "X": 0.548058,
      "Y": 0.4889,
      "Z": 0.454302
    }
  }
}