{
  "LodDetail": {
    "BoundSize": {
      "X": 5.187112,
      "Y": 2.063557,
      "Z": 8.412275
    }
  }
}