{
  "LodDetail": {
    "BoundSize": {
      "X": 1.777983,
      "Y": 1.847809,
      "Z": 1.835336
    }
  }
}