{
  "LodDetail": {
    "BoundSize": {
      "X": 0.856607,
      "Y": 1.467599,
      "Z": 0.496695
    }
  }
}