{
  "LodDetail": {
    "BoundSize": {
      "X": 4.535197,
      "Y": 33.24859,
      "Z": 5.034083
    }
  }
}