{
  "LodDetail": {
    "BoundSize": {
      "X": 4.566612,
      "Y": 2.186956,
      "Z": 3.798759
    }
  }
}