{
  "LodDetail": {
    "BoundSize": {
      "X": 0.760797,
      "Y": 0.883145,
      "Z": 0.515302
    }
  }
}