{
  "LodDetail": {
    "BoundSize": {
      "X": 7.242109,
      "Y": 55.86279,
      "Z": 1.475161
    }
  }
}