{
  "LodDetail": {
    "BoundSize": {
      "X": 1.030158,
      "Y": 0.504301,
      "Z": 0.643114
    }
  }
}