{
  "LodDetail": {
    "BoundSize": {
      "X": 4.234808,
      "Y": 4.10969,
      "Z": 10.92155
    }
  }
}