{
  "LodDetail": {
    "BoundSize": {
      "X": 4.739268,
      "Y": 1.90313,
      "Z": 1.281065
    }
  }
}