{
  "LodDetail": {
    "BoundSize": {
      "X": 0.914062,
      "Y": 1.433898,
      "Z": 1.238555
    }
  }
}