{
  "LodDetail": {
    "BoundSize": {
      "X": 5.974058,
      "Y": 5.098985,
      "Z": 5.560489
    }
  }
}