{
  "LodDetail": {
    "BoundSize": {
      "X": 0.234375,
      "Y": 0.351563,
      "Z": 0.234375
    }
  }
}