{
  "LodDetail": {
    "BoundSize": {
      "X": 11.56129,
      "Y": 13.6459,
      "Z": 11.75653
    }
  }
}