{
  "LodDetail": {
    "BoundSize": {
      "X": 1.77389,
      "Y": 2.523475,
      "Z": 1.535097
    }
  }
}