{
  "LodDetail": {
    "BoundSize": {
      "X": 3.635263,
      "Y": 7.155485,
      "Z": 4.038343
    }
  }
}