{
  "LodDetail": {
    "BoundSize": {
      "X": 0.273438,
      "Y": 0.273438,
      "Z": 0.28125
    }
  }
}