{
  "LodDetail": {
    "BoundSize": {
      "X": 52.07157,
      "Y": 8.880671,
      "Z": 33.33359
    }
  }
}