{
  "LodDetail": {
    "BoundSize": {
      "X": 0.589063,
      "Y": 0.421875,
      "Z": 0.754375
    }
  }
}