{
  "LodDetail": {
    "BoundSize": {
      "X": 0.691406,
      "Y": 0.5625,
      "Z": 0.621094
    }
  }
}