{
  "LodDetail": {
    "BoundSize": {
      "X": 0.388125,
      "Y": 0.388125,
      "Z": 0.388125
    }
  }
}