{
  "LodDetail": {
    "BoundSize": {
      "X": 0.747305,
      "Y": 0.751556,
      "Z": 1.032339
    }
  }
}