{
  "LodDetail": {
    "BoundSize": {
      "X": 5.394275,
      "Y": 7.993583,
      "Z": 2.417405
    }
  }
}