{
  "LodDetail": {
    "BoundSize": {
      "X": 6.595014,
      "Y": 23.99947,
      "Z": 13.29686
    }
  }
}