{
  "LodDetail": {
    "BoundSize": {
      "X": 1.243828,
      "Y": 0.35625,
      "Z": 0.771728
    }
  }
}