{
  "LodDetail": {
    "BoundSize": {
      "X": 1.069922,
      "Y": 0.552227,
      "Z": 0.71875
    }
  }
}