{
  "LodDetail": {
    "BoundSize": {
      "X": 11.92307,
      "Y": 9.977296,
      "Z": 3.964861
    }
  }
}