{
  "LodDetail": {
    "BoundSize": {
      "X": 1.740601,
      "Y": 1.441143,
      "Z": 1.392459
    }
  }
}