{
  "LodDetail": {
    "BoundSize": {
      "X": 1.005469,
      "Y": 0.546992,
      "Z": 0.65625
    }
  }
}