{
  "LodDetail": {
    "BoundSize": {
      "X": 1.823139,
      "Y": 0.954311,
      "Z": 1.341089
    }
  }
}