{
  "LodDetail": {
    "BoundSize": {
      "X": 22.49812,
      "Y": 19.74345,
      "Z": 29.42063
    }
  }
}