{
  "LodDetail": {
    "BoundSize": {
      "X": 0.486123,
      "Y": 0.537654,
      "Z": 0.669886
    }
  }
}