{
  "LodDetail": {
    "BoundSize": {
      "X": 3.347129,
      "Y": 3.090045,
      "Z": 3.34713
    }
  }
}