{
  "LodDetail": {
    "BoundSize": {
      "X": 0.129938,
      "Y": 0.129938,
      "Z": 0.209969
    }
  }
}