{
  "LodDetail": {
    "BoundSize": {
      "X": 9.130344,
      "Y": 4.478654,
      "Z": 20.59882
    }
  }
}