{
  "LodDetail": {
    "BoundSize": {
      "X": 1.122609,
      "Y": 1.974532,
      "Z": 0.895776
    }
  }
}