{
  "LodDetail": {
    "BoundSize": {
      "X": 8.36022,
      "Y": 0.181375,
      "Z": 10.45028
    }
  }
}