{
  "LodDetail": {
    "BoundSize": {
      "X": 16.39112,
      "Y": 11.86447,
      "Z": 19.75718
    }
  }
}