{
  "LodDetail": {
    "BoundSize": {
      "X": 0.830703,
      "Y": 1.01658,
      "Z": 0.847834
    }
  }
}