{
  "LodDetail": {
    "BoundSize": {
      "X": 2.485485,
      "Y": 0.404963,
      "Z": 1.82874
    }
  }
}