{
  "LodDetail": {
    "BoundSize": {
      "X": 1.679848,
      "Y": 1.686252,
      "Z": 0.353317
    }
  }
}