{
  "LodDetail": {
    "BoundSize": {
      "X": 7.647192,
      "Y": 10.2473,
      "Z": 3.764613
    }
  }
}