{
  "LodDetail": {
    "BoundSize": {
      "X": 1.434158,
      "Y": 1.254889,
      "Z": 1.434159
    }
  }
}