{
  "LodDetail": {
    "BoundSize": {
      "X": 8.348046,
      "Y": 6.600781,
      "Z": 2.912109
    }
  }
}