{
  "LodDetail": {
    "BoundSize": {
      "X": 0.890438,
      "Y": 2.137031,
      "Z": 1.545933
    }
  }
}