{
  "LodDetail": {
    "BoundSize": {
      "X": 1.146503,
      "Y": 1.140285,
      "Z": 0.574154
    }
  }
}