{
  "LodDetail": {
    "BoundSize": {
      "X": 0.469867,
      "Y": 0.204625,
      "Z": 0.444837
    }
  }
}