{
  "LodDetail": {
    "BoundSize": {
      "X": 0.635959,
      "Y": 1.838271,
      "Z": 0.30601
    }
  }
}