{
  "LodDetail": {
    "BoundSize": {
      "X": 4.472295,
      "Y": 3.365407,
      "Z": 4.330022
    }
  }
}