{
  "LodDetail": {
    "BoundSize": {
      "X": 2.884375,
      "Y": 6.182708,
      "Z": 11.71313
    }
  }
}