{
  "LodDetail": {
    "BoundSize": {
      "X": 21.84813,
      "Y": 28.06384,
      "Z": 15.267
    }
  }
}