{
  "LodDetail": {
    "BoundSize": {
      "X": 5.212095,
      "Y": 5.248955,
      "Z": 5.248955
    }
  }
}