{
  "LodDetail": {
    "BoundSize": {
      "X": 1.213124,
      "Y": 0.673873,
      "Z": 0.540055
    }
  }
}