{
  "LodDetail": {
    "BoundSize": {
      "X": 4.961158,
      "Y": 3.210161,
      "Z": 6.201562
    }
  }
}