{
  "LodDetail": {
    "BoundSize": {
      "X": 0.278368,
      "Y": 0.278368,
      "Z": 0.278368
    }
  }
}