{
  "LodDetail": {
    "BoundSize": {
      "X": 0.671875,
      "Y": 0.765625,
      "Z": 0.8125
    }
  }
}