{
  "LodDetail": {
    "BoundSize": {
      "X": 1.78358,
      "Y": 1.904707,
      "Z": 2.417521
    }
  }
}