{
  "LodDetail": {
    "BoundSize": {
      "X": 1.737751,
      "Y": 1.695097,
      "Z": 2.628617
    }
  }
}