{
  "LodDetail": {
    "BoundSize": {
      "X": 6.212046,
      "Y": 5.488728,
      "Z": 5.612564
    }
  }
}