{
  "LodDetail": {
    "BoundSize": {
      "X": 0.965156,
      "Y": 0.981797,
      "Z": 0.990117
    }
  }
}