{
  "LodDetail": {
    "BoundSize": {
      "X": 10.22711,
      "Y": 10.30496,
      "Z": 5.217753
    }
  }
}