{
  "LodDetail": {
    "BoundSize": {
      "X": 1.479058,
      "Y": 1.539874,
      "Z": 0.379434
    }
  }
}