{
  "LodDetail": {
    "BoundSize": {
      "X": 3.126562,
      "Y": 0.796875,
      "Z": 0.976563
    }
  }
}