{
  "LodDetail": {
    "BoundSize": {
      "X": 0.174601,
      "Y": 1.040756,
      "Z": 0.055365
    }
  }
}