{
  "LodDetail": {
    "BoundSize": {
      "X": 0.952938,
      "Y": 1.699523,
      "Z": 1.546653
    }
  }
}