{
  "LodDetail": {
    "BoundSize": {
      "X": 2.206715,
      "Y": 4.194649,
      "Z": 8.817582
    }
  }
}