{
  "LodDetail": {
    "BoundSize": {
      "X": 3.42488,
      "Y": 0.554199,
      "Z": 3.585421
    }
  }
}