{
  "LodDetail": {
    "BoundSize": {
      "X": 0.999296,
      "Y": 0.946377,
      "Z": 1.055773
    }
  }
}