{
  "LodDetail": {
    "BoundSize": {
      "X": 7.377343,
      "Y": 9.124609,
      "Z": 3.10625
    }
  }
}