{
  "LodDetail": {
    "BoundSize": {
      "X": 74.88281,
      "Y": 84.74141,
      "Z": 74.88281
    }
  }
}