{
  "LodDetail": {
    "BoundSize": {
      "X": 1.789818,
      "Y": 1.013407,
      "Z": 0.628333
    }
  }
}