{
  "LodDetail": {
    "BoundSize": {
      "X": 1.4969,
      "Y": 0.661216,
      "Z": 1.262695
    }
  }
}