{
  "LodDetail": {
    "BoundSize": {
      "X": 9.429688,
      "Y": 21.61217,
      "Z": 21.63282
    }
  }
}