{
  "LodDetail": {
    "BoundSize": {
      "X": 0.947282,
      "Y": 0.947282,
      "Z": 0.947282
    }
  }
}