{
  "LodDetail": {
    "BoundSize": {
      "X": 2.087378,
      "Y": 1.982828,
      "Z": 2.11262
    }
  }
}