{
  "LodDetail": {
    "BoundSize": {
      "X": 1.420631,
      "Y": 2.058894,
      "Z": 3.537555
    }
  }
}