{
  "LodDetail": {
    "BoundSize": {
      "X": 0.421875,
      "Y": 0.351563,
      "Z": 0.390625
    }
  }
}