{
  "LodDetail": {
    "BoundSize": {
      "X": 0.819556,
      "Y": 1.078125,
      "Z": 1.037005
    }
  }
}