{
  "LodDetail": {
    "BoundSize": {
      "X": 0.664063,
      "Y": 0.492188,
      "Z": 0.671875
    }
  }
}