{
  "LodDetail": {
    "BoundSize": {
      "X": 0.767649,
      "Y": 3.377143,
      "Z": 5.199303
    }
  }
}