{
  "LodDetail": {
    "BoundSize": {
      "X": 88.74683,
      "Y": 2.407197,
      "Z": 55.42685
    }
  }
}