{
  "LodDetail": {
    "BoundSize": {
      "X": 1.405647,
      "Y": 0.548229,
      "Z": 0.552063
    }
  }
}