{
  "LodDetail": {
    "BoundSize": {
      "X": 0.984375,
      "Y": 3.782031,
      "Z": 0.9375
    }
  }
}