{
  "LodDetail": {
    "BoundSize": {
      "X": 4.199113,
      "Y": 4.859556,
      "Z": 4.199113
    }
  }
}