{
  "LodDetail": {
    "BoundSize": {
      "X": 4.579137,
      "Y": 5.324556,
      "Z": 4.579137
    }
  }
}