{
  "LodDetail": {
    "BoundSize": {
      "X": 7.052259,
      "Y": 3.584694,
      "Z": 2.575573
    }
  }
}