{
  "LodDetail": {
    "BoundSize": {
      "X": 0.683479,
      "Y": 1.077355,
      "Z": 0.36719
    }
  }
}