{
  "LodDetail": {
    "BoundSize": {
      "X": 2.422711,
      "Y": 3.676911,
      "Z": 6.848432
    }
  }
}