{
  "LodDetail": {
    "BoundSize": {
      "X": 0.490625,
      "Y": 0.15625,
      "Z": 0.1875
    }
  }
}