{
  "LodDetail": {
    "BoundSize": {
      "X": 0.392025,
      "Y": 0.950347,
      "Z": 1.908895
    }
  }
}