{
  "LodDetail": {
    "BoundSize": {
      "X": 0.92544,
      "Y": 2.39298,
      "Z": 0.785975
    }
  }
}