{
  "LodDetail": {
    "BoundSize": {
      "X": 1.592163,
      "Y": 1.454,
      "Z": 0.563974
    }
  }
}