{
  "LodDetail": {
    "BoundSize": {
      "X": 0.242188,
      "Y": 33.56974,
      "Z": 0.898438
    }
  }
}