{
  "LodDetail": {
    "BoundSize": {
      "X": 2.906729,
      "Y": 2.906729,
      "Z": 7.296553
    }
  }
}