{
  "LodDetail": {
    "BoundSize": {
      "X": 6.48589,
      "Y": 0.429286,
      "Z": 1.595805
    }
  }
}