{
  "LodDetail": {
    "BoundSize": {
      "X": 5.458307,
      "Y": 14.30186,
      "Z": 8.908927
    }
  }
}