{
  "LodDetail": {
    "BoundSize": {
      "X": 0.285938,
      "Y": 0.459375,
      "Z": 0.171875
    }
  }
}