{
  "LodDetail": {
    "BoundSize": {
      "X": 7.767612,
      "Y": 2.739504,
      "Z": 7.767611
    }
  }
}