{
  "LodDetail": {
    "BoundSize": {
      "X": 10.53753,
      "Y": 63.1475,
      "Z": 10.09847
    }
  }
}