{
  "LodDetail": {
    "BoundSize": {
      "X": 2.179704,
      "Y": 1.465245,
      "Z": 1.910119
    }
  }
}