{
  "LodDetail": {
    "BoundSize": {
      "X": 6.277761,
      "Y": 5.773807,
      "Z": 6.238032
    }
  }
}