{
  "LodDetail": {
    "BoundSize": {
      "X": 6.760363,
      "Y": 6.865584,
      "Z": 6.858638
    }
  }
}