{
  "LodDetail": {
    "BoundSize": {
      "X": 1.372367,
      "Y": 1.31303,
      "Z": 1.220314
    }
  }
}