{
  "LodDetail": {
    "BoundSize": {
      "X": 0.97625,
      "Y": 2.760719,
      "Z": 1.405125
    }
  }
}