{
  "LodDetail": {
    "BoundSize": {
      "X": 5.620956,
      "Y": 7.184176,
      "Z": 5.079749
    }
  }
}