{
  "LodDetail": {
    "BoundSize": {
      "X": 64.19724,
      "Y": 63.77675,
      "Z": 60.82505
    }
  }
}