{
  "LodDetail": {
    "BoundSize": {
      "X": 2.531195,
      "Y": 2.624957,
      "Z": 7.938673
    }
  }
}