{
  "LodDetail": {
    "BoundSize": {
      "X": 9.915325,
      "Y": 10.16321,
      "Z": 5.825253
    }
  }
}