{
  "LodDetail": {
    "BoundSize": {
      "X": 1.465147,
      "Y": 2.349291,
      "Z": 6.297642
    }
  }
}