{
  "LodDetail": {
    "BoundSize": {
      "X": 6.464841,
      "Y": 3.843299,
      "Z": 6.883828
    }
  }
}