{
  "LodDetail": {
    "BoundSize": {
      "X": 5.865088,
      "Y": 7.693874,
      "Z": 5.564324
    }
  }
}