{
  "LodDetail": {
    "BoundSize": {
      "X": 5.491406,
      "Y": 5.591274,
      "Z": 9.793625
    }
  }
}