{
  "LodDetail": {
    "BoundSize": {
      "X": 10.68291,
      "Y": 14.77531,
      "Z": 13.91852
    }
  }
}