{
  "LodDetail": {
    "BoundSize": {
      "X": 0.863118,
      "Y": 1.054922,
      "Z": 6.38575
    }
  }
}