{
  "LodDetail": {
    "BoundSize": {
      "X": 1.391017,
      "Y": 3.159706,
      "Z": 1.708491
    }
  }
}