{
  "LodDetail": {
    "BoundSize": {
      "X": 2.105096,
      "Y": 2.17329,
      "Z": 2.342768
    }
  }
}