{
  "LodDetail": {
    "BoundSize": {
      "X": 0.989757,
      "Y": 0.989757,
      "Z": 0.989757
    }
  }
}