{
  "LodDetail": {
    "BoundSize": {
      "X": 1.005469,
      "Y": 0.486289,
      "Z": 0.679688
    }
  }
}