{
  "LodDetail": {
    "BoundSize": {
      "X": 2.986258,
      "Y": 4.120432,
      "Z": 1.429688
    }
  }
}