{
  "LodDetail": {
    "BoundSize": {
      "X": 0.662977,
      "Y": 0.807866,
      "Z": 0.477842
    }
  }
}