{
  "LodDetail": {
    "BoundSize": {
      "X": 0.807594,
      "Y": 0.924,
      "Z": 0.783422
    }
  }
}