{
  "LodDetail": {
    "BoundSize": {
      "X": 3.284107,
      "Y": 1.834795,
      "Z": 7.125279
    }
  }
}