{
  "LodDetail": {
    "BoundSize": {
      "X": 4.085548,
      "Y": 3.169822,
      "Z": 2.081954
    }
  }
}