{
  "LodDetail": {
    "BoundSize": {
      "X": 0.625,
      "Y": 0.601563,
      "Z": 0.617188
    }
  }
}