{
  "LodDetail": {
    "BoundSize": {
      "X": 0.171875,
      "Y": 0.188899,
      "Z": 0.987428
    }
  }
}