{
  "LodDetail": {
    "BoundSize": {
      "X": 0.941307,
      "Y": 0.469032,
      "Z": 0.81552
    }
  }
}