{
  "LodDetail": {
    "BoundSize": {
      "X": 2.28369,
      "Y": 2.046703,
      "Z": 1.997442
    }
  }
}