{
  "LodDetail": {
    "BoundSize": {
      "X": 0.31875,
      "Y": 0.309375,
      "Z": 0.31875
    }
  }
}