{
  "LodDetail": {
    "BoundSize": {
      "X": 0.56875,
      "Y": 0.375,
      "Z": 0.785625
    }
  }
}