{
  "LodDetail": {
    "BoundSize": {
      "X": 6.65625,
      "Y": 6.65625,
      "Z": 6.665528
    }
  }
}