{
  "LodDetail": {
    "BoundSize": {
      "X": 5.405688,
      "Y": 1.264765,
      "Z": 6.087375
    }
  }
}