{
  "LodDetail": {
    "BoundSize": {
      "X": 2.279548,
      "Y": 2.455735,
      "Z": 2.154589
    }
  }
}