{
  "LodDetail": {
    "BoundSize": {
      "X": 0.403282,
      "Y": 0.176329,
      "Z": 0.336292
    }
  }
}