{
  "LodDetail": {
    "BoundSize": {
      "X": 2.257597,
      "Y": 0.684301,
      "Z": 0.802487
    }
  }
}