{
  "LodDetail": {
    "BoundSize": {
      "X": 1.808149,
      "Y": 0.805529,
      "Z": 0.381488
    }
  }
}