{
  "LodDetail": {
    "BoundSize": {
      "X": 2.533075,
      "Y": 1.068157,
      "Z": 9.376367
    }
  }
}