{
  "LodDetail": {
    "BoundSize": {
      "X": 1.27391,
      "Y": 1.865716,
      "Z": 3.695914
    }
  }
}