{
  "LodDetail": {
    "BoundSize": {
      "X": 4.372615,
      "Y": 4.372615,
      "Z": 4.122752
    }
  }
}