{
  "LodDetail": {
    "BoundSize": {
      "X": 2.051439,
      "Y": 2.051439,
      "Z": 2.051439
    }
  }
}