{
  "LodDetail": {
    "BoundSize": {
      "X": 0.726563,
      "Y": 0.554688,
      "Z": 0.71875
    }
  }
}