{
  "LodDetail": {
    "BoundSize": {
      "X": 5.741282,
      "Y": 5.358529,
      "Z": 20.90548
    }
  }
}