{
  "LodDetail": {
    "BoundSize": {
      "X": 1.728547,
      "Y": 1.138385,
      "Z": 0.65438
    }
  }
}