{
  "LodDetail": {
    "BoundSize": {
      "X": 1.073428,
      "Y": 0.797257,
      "Z": 0.851445
    }
  }
}