{
  "LodDetail": {
    "BoundSize": {
      "X": 1.806503,
      "Y": 2.966815,
      "Z": 10.65762
    }
  }
}