{
  "LodDetail": {
    "BoundSize": {
      "X": 1.364507,
      "Y": 0.579281,
      "Z": 0.412855
    }
  }
}