{
  "LodDetail": {
    "BoundSize": {
      "X": 4.085283,
      "Y": 2.500519,
      "Z": 5.324116
    }
  }
}