{
  "LodDetail": {
    "BoundSize": {
      "X": 3.73013,
      "Y": 4.168632,
      "Z": 3.793353
    }
  }
}