{
  "LodDetail": {
    "BoundSize": {
      "X": 2.622518,
      "Y": 6.601645,
      "Z": 1.184471
    }
  }
}