{
  "LodDetail": {
    "BoundSize": {
      "X": 1.591926,
      "Y": 0.914649,
      "Z": 2.189854
    }
  }
}