{
  "LodDetail": {
    "BoundSize": {
      "X": 6.374413,
      "Y": 7.021875,
      "Z": 4.243359
    }
  }
}