{
  "LodDetail": {
    "BoundSize": {
      "X": 20.83158,
      "Y": 9.398717,
      "Z": 2.913397
    }
  }
}