{
  "LodDetail": {
    "BoundSize": {
      "X": 22.14067,
      "Y": 26.74887,
      "Z": 21.93645
    }
  }
}