{
  "LodDetail": {
    "BoundSize": {
      "X": 0.587482,
      "Y": 3.019082,
      "Z": 0.612863
    }
  }
}