{
  "LodDetail": {
    "BoundSize": {
      "X": 4.151465,
      "Y": 2.391205,
      "Z": 3.453417
    }
  }
}