{
  "LodDetail": {
    "BoundSize": {
      "X": 2.45786,
      "Y": 0.395791,
      "Z": 1.667343
    }
  }
}