{
  "LodDetail": {
    "BoundSize": {
      "X": 4.7951,
      "Y": 4.986904,
      "Z": 8.999392
    }
  }
}