{
  "LodDetail": {
    "BoundSize": {
      "X": 1.441494,
      "Y": 3.063586,
      "Z": 1.441494
    }
  }
}