{
  "LodDetail": {
    "BoundSize": {
      "X": 2.269421,
      "Y": 2.269421,
      "Z": 1.577
    }
  }
}