{
  "LodDetail": {
    "BoundSize": {
      "X": 2.272938,
      "Y": 2.176032,
      "Z": 2.269702
    }
  }
}