{
  "LodDetail": {
    "BoundSize": {
      "X": 0.782583,
      "Y": 4.392089,
      "Z": 5.83058
    }
  }
}