{
  "LodDetail": {
    "BoundSize": {
      "X": 4.993292,
      "Y": 5.393662,
      "Z": 2.419535
    }
  }
}