{
  "LodDetail": {
    "BoundSize": {
      "X": 2.77963,
      "Y": 1.944592,
      "Z": 1.643717
    }
  }
}