{
  "LodDetail": {
    "BoundSize": {
      "X": 0.625,
      "Y": 2.966168,
      "Z": 0.671875
    }
  }
}