{
  "LodDetail": {
    "BoundSize": {
      "X": 0.408466,
      "Y": 0.408466,
      "Z": 0.408466
    }
  }
}