{
  "LodDetail": {
    "BoundSize": {
      "X": 0.582607,
      "Y": 0.556334,
      "Z": 0.672656
    }
  }
}