{
  "LodDetail": {
    "BoundSize": {
      "X": 7.377343,
      "Y": 7.765625,
      "Z": 3.494531
    }
  }
}