{
  "LodDetail": {
    "BoundSize": {
      "X": 1.406137,
      "Y": 1.967112,
      "Z": 1.394773
    }
  }
}