{
  "LodDetail": {
    "BoundSize": {
      "X": 6.898194,
      "Y": 7.005215,
      "Z": 7.914537
    }
  }
}