{
  "LodDetail": {
    "BoundSize": {
      "X": 5.974611,
      "Y": 1.27802,
      "Z": 1.252105
    }
  }
}