{
  "LodDetail": {
    "BoundSize": {
      "X": 7.265296,
      "Y": 4.601355,
      "Z": 8.146755
    }
  }
}