{
  "LodDetail": {
    "BoundSize": {
      "X": 0.940992,
      "Y": 0.491641,
      "Z": 2.26767
    }
  }
}