{
  "LodDetail": {
    "BoundSize": {
      "X": 0.867188,
      "Y": 1.2625,
      "Z": 1.066212
    }
  }
}