{
  "LodDetail": {
    "BoundSize": {
      "X": 0.80823,
      "Y": 1.868307,
      "Z": 2.930859
    }
  }
}