{
  "LodDetail": {
    "BoundSize": {
      "X": 0.828125,
      "Y": 0.195313,
      "Z": 0.765625
    }
  }
}