{
  "LodDetail": {
    "BoundSize": {
      "X": 1.91804,
      "Y": 1.822138,
      "Z": 5.869373
    }
  }
}