{
  "LodDetail": {
    "BoundSize": {
      "X": 0.834688,
      "Y": 6.527968,
      "Z": 0.834688
    }
  }
}