{
  "LodDetail": {
    "BoundSize": {
      "X": 5.657816,
      "Y": 1.664063,
      "Z": 5.325003
    }
  }
}