{
  "LodDetail": {
    "BoundSize": {
      "X": 11.48203,
      "Y": 18.7207,
      "Z": 10.49824
    }
  }
}