{
  "LodDetail": {
    "BoundSize": {
      "X": 1.160156,
      "Y": 1.986078,
      "Z": 0.902832
    }
  }
}