{
  "LodDetail": {
    "BoundSize": {
      "X": 0.877915,
      "Y": 1.74813,
      "Z": 1.957889
    }
  }
}