{
  "LodDetail": {
    "BoundSize": {
      "X": 3.899792,
      "Y": 5.162005,
      "Z": 4.931411
    }
  }
}