{
  "LodDetail": {
    "BoundSize": {
      "X": 8.572052,
      "Y": 8.257246,
      "Z": 7.284206
    }
  }
}