{
  "LodDetail": {
    "BoundSize": {
      "X": 1.153328,
      "Y": 2.62906,
      "Z": 5.786836
    }
  }
}