{
  "LodDetail": {
    "BoundSize": {
      "X": 1.167911,
      "Y": 1.257751,
      "Z": 5.064561
    }
  }
}