{
  "LodDetail": {
    "BoundSize": {
      "X": 0.367611,
      "Y": 1.264988,
      "Z": 1.774877
    }
  }
}