{
  "LodDetail": {
    "BoundSize": {
      "X": 3.078516,
      "Y": 3.227107,
      "Z": 3.39922
    }
  }
}