{
  "LodDetail": {
    "BoundSize": {
      "X": 0.273438,
      "Y": 0.316987,
      "Z": 0.286786
    }
  }
}