{
  "LodDetail": {
    "BoundSize": {
      "X": 0.996094,
      "Y": 0.900234,
      "Z": 1.382297
    }
  }
}