{
  "LodDetail": {
    "BoundSize": {
      "X": 0.549105,
      "Y": 0.586616,
      "Z": 0.549105
    }
  }
}