{
  "LodDetail": {
    "BoundSize": {
      "X": 8.276809,
      "Y": 0.801195,
      "Z": 0.109582
    }
  }
}