{
  "LodDetail": {
    "BoundSize": {
      "X": 2.58876,
      "Y": 6.601645,
      "Z": 1.249446
    }
  }
}