{
  "LodDetail": {
    "BoundSize": {
      "X": 1.311133,
      "Y": 0.71875,
      "Z": 0.617188
    }
  }
}