{
  "LodDetail": {
    "BoundSize": {
      "X": 0.417182,
      "Y": 3.681684,
      "Z": 9.471424
    }
  }
}