{
  "LodDetail": {
    "BoundSize": {
      "X": 2.216495,
      "Y": 3.582792,
      "Z": 2.386035
    }
  }
}