{
  "LodDetail": {
    "BoundSize": {
      "X": 1.486346,
      "Y": 2.414703,
      "Z": 1.354081
    }
  }
}