{
  "LodDetail": {
    "BoundSize": {
      "X": 0.692395,
      "Y": 0.437302,
      "Z": 0.835316
    }
  }
}