{
  "LodDetail": {
    "BoundSize": {
      "X": 6.323442,
      "Y": 1.664063,
      "Z": 6.323441
    }
  }
}