{
  "LodDetail": {
    "BoundSize": {
      "X": 1.297369,
      "Y": 6.601645,
      "Z": 2.147281
    }
  }
}