{
  "LodDetail": {
    "BoundSize": {
      "X": 0.757813,
      "Y": 0.539063,
      "Z": 0.765625
    }
  }
}