{
  "LodDetail": {
    "BoundSize": {
      "X": 3.084118,
      "Y": 2.540338,
      "Z": 3.168108
    }
  }
}