{
  "LodDetail": {
    "BoundSize": {
      "X": 1.925392,
      "Y": 1.862227,
      "Z": 6.821949
    }
  }
}