{
  "LodDetail": {
    "BoundSize": {
      "X": 1.064338,
      "Y": 1.087505,
      "Z": 0.669342
    }
  }
}