{
  "LodDetail": {
    "BoundSize": {
      "X": 1.522618,
      "Y": 1.429375,
      "Z": 1.523195
    }
  }
}