{
  "LodDetail": {
    "BoundSize": {
      "X": 9.136181,
      "Y": 2.338191,
      "Z": 20.45417
    }
  }
}