{
  "LodDetail": {
    "BoundSize": {
      "X": 5.14428,
      "Y": 1.674136,
      "Z": 1.29509
    }
  }
}