{
  "LodDetail": {
    "BoundSize": {
      "X": 7.372972,
      "Y": 27.406,
      "Z": 13.52124
    }
  }
}