{
  "LodDetail": {
    "BoundSize": {
      "X": 0.544424,
      "Y": 0.964952,
      "Z": 0.909946
    }
  }
}