{
  "LodDetail": {
    "BoundSize": {
      "X": 10.72416,
      "Y": 2.26399,
      "Z": 10.72416
    }
  }
}