{
  "LodDetail": {
    "BoundSize": {
      "X": 2.31996,
      "Y": 2.109844,
      "Z": 6.783148
    }
  }
}