{
  "LodDetail": {
    "BoundSize": {
      "X": 1.169461,
      "Y": 1.427813,
      "Z": 1.27407
    }
  }
}