{
  "LodDetail": {
    "BoundSize": {
      "X": 0.836445,
      "Y": 0.455135,
      "Z": 2.021726
    }
  }
}