{
  "LodDetail": {
    "BoundSize": {
      "X": 1.693216,
      "Y": 2.086105,
      "Z": 1.616252
    }
  }
}