{
  "LodDetail": {
    "BoundSize": {
      "X": 0.632813,
      "Y": 0.140625,
      "Z": 0.675
    }
  }
}