{
  "LodDetail": {
    "BoundSize": {
      "X": 0.863672,
      "Y": 0.465352,
      "Z": 0.640625
    }
  }
}