{
  "LodDetail": {
    "BoundSize": {
      "X": 20.26464,
      "Y": 21.23285,
      "Z": 20.29468
    }
  }
}