{
  "LodDetail": {
    "BoundSize": {
      "X": 3.614155,
      "Y": 3.413368,
      "Z": 3.614155
    }
  }
}