{
  "LodDetail": {
    "BoundSize": {
      "X": 1.210656,
      "Y": 3.142125,
      "Z": 1.076136
    }
  }
}