{
  "LodDetail": {
    "BoundSize": {
      "X": 6.902028,
      "Y": 8.542115,
      "Z": 7.045323
    }
  }
}