{
  "LodDetail": {
    "BoundSize": {
      "X": 2.368515,
      "Y": 2.019063,
      "Z": 2.368515
    }
  }
}