{
  "LodDetail": {
    "BoundSize": {
      "X": 1.354687,
      "Y": 0.338672,
      "Z": 0.03565
    }
  }
}