{
  "LodDetail": {
    "BoundSize": {
      "X": 1.906963,
      "Y": 1.184198,
      "Z": 1.871682
    }
  }
}