{
  "LodDetail": {
    "BoundSize": {
      "X": 0.640625,
      "Y": 0.935261,
      "Z": 1.534107
    }
  }
}