{
  "LodDetail": {
    "BoundSize": {
      "X": 0.896998,
      "Y": 0.514343,
      "Z": 10.49233
    }
  }
}