{
  "LodDetail": {
    "BoundSize": {
      "X": 3.828695,
      "Y": 4.344504,
      "Z": 3.981456
    }
  }
}