{
  "LodDetail": {
    "BoundSize": {
      "X": 3.938607,
      "Y": 4.081829,
      "Z": 4.296662
    }
  }
}