{
  "LodDetail": {
    "BoundSize": {
      "X": 1.608051,
      "Y": 1.930052,
      "Z": 3.695914
    }
  }
}