{
  "LodDetail": {
    "BoundSize": {
      "X": 6.871189,
      "Y": 6.760362,
      "Z": 7.012913
    }
  }
}