{
  "LodDetail": {
    "BoundSize": {
      "X": 0.755312,
      "Y": 1.174844,
      "Z": 0.382813
    }
  }
}