{
  "LodDetail": {
    "BoundSize": {
      "X": 4.985273,
      "Y": 0.98734,
      "Z": 1.337687
    }
  }
}