{
  "LodDetail": {
    "BoundSize": {
      "X": 1.729252,
      "Y": 1.729252,
      "Z": 0.227533
    }
  }
}