{
  "LodDetail": {
    "BoundSize": {
      "X": 0.84579,
      "Y": 4.657869,
      "Z": 4.660897
    }
  }
}