{
  "LodDetail": {
    "BoundSize": {
      "X": 2.750329,
      "Y": 7.592285,
      "Z": 18.48528
    }
  }
}