{
  "LodDetail": {
    "BoundSize": {
      "X": 1.294074,
      "Y": 2.441095,
      "Z": 1.040302
    }
  }
}