{
  "LodDetail": {
    "BoundSize": {
      "X": 2.584925,
      "Y": 1.803194,
      "Z": 1.85402
    }
  }
}