{
  "LodDetail": {
    "BoundSize": {
      "X": 1.001078,
      "Y": 0.593581,
      "Z": 1.085828
    }
  }
}