{
  "LodDetail": {
    "BoundSize": {
      "X": 1.157938,
      "Y": 1.058867,
      "Z": 0.612041
    }
  }
}