{
  "LodDetail": {
    "BoundSize": {
      "X": 1.236324,
      "Y": 1.41644,
      "Z": 1.268103
    }
  }
}