{
  "LodDetail": {
    "BoundSize": {
      "X": 6.867427,
      "Y": 1.674509,
      "Z": 5.277318
    }
  }
}