{
  "LodDetail": {
    "BoundSize": {
      "X": 1.005427,
      "Y": 1.275276,
      "Z": 1.242217
    }
  }
}