{
  "LodDetail": {
    "BoundSize": {
      "X": 2.456707,
      "Y": 3.014369,
      "Z": 8.35813
    }
  }
}