{
  "LodDetail": {
    "BoundSize": {
      "X": 2.474063,
      "Y": 5.463639,
      "Z": 2.474063
    }
  }
}