{
  "LodDetail": {
    "BoundSize": {
      "X": 1.25,
      "Y": 1.230469,
      "Z": 1.057031
    }
  }
}