{
  "LodDetail": {
    "BoundSize": {
      "X": 0.377722,
      "Y": 2.185387,
      "Z": 1.126998
    }
  }
}