{
  "LodDetail": {
    "BoundSize": {
      "X": 0.690715,
      "Y": 1.010706,
      "Z": 0.620369
    }
  }
}