{
  "LodDetail": {
    "BoundSize": {
      "X": 5.039416,
      "Y": 7.951134,
      "Z": 4.921279
    }
  }
}