{
  "LodDetail": {
    "BoundSize": {
      "X": 1.86375,
      "Y": 0.562251,
      "Z": 3.727501
    }
  }
}