{
  "LodDetail": {
    "BoundSize": {
      "X": 2.103676,
      "Y": 4.016603,
      "Z": 3.467973
    }
  }
}