{
  "LodDetail": {
    "BoundSize": {
      "X": 19.11201,
      "Y": 34.67443,
      "Z": 21.67873
    }
  }
}