{
  "LodDetail": {
    "BoundSize": {
      "X": 0.5,
      "Y": 1.161281,
      "Z": 0.390625
    }
  }
}