{
  "LodDetail": {
    "BoundSize": {
      "X": 1.33125,
      "Y": 1.164844,
      "Z": 4.992188
    }
  }
}