{
  "LodDetail": {
    "BoundSize": {
      "X": 1.10734,
      "Y": 3.113688,
      "Z": 1.955835
    }
  }
}