{
  "LodDetail": {
    "BoundSize": {
      "X": 0.256875,
      "Y": 0.250521,
      "Z": 0.260498
    }
  }
}