{
  "LodDetail": {
    "BoundSize": {
      "X": 0.703125,
      "Y": 2.135663,
      "Z": 0.757813
    }
  }
}