{
  "LodDetail": {
    "BoundSize": {
      "X": 0.672238,
      "Y": 1.55644,
      "Z": 0.882529
    }
  }
}