{
  "LodDetail": {
    "BoundSize": {
      "X": 1.084881,
      "Y": 1.65842,
      "Z": 0.815612
    }
  }
}