{
  "LodDetail": {
    "BoundSize": {
      "X": 2.60052,
      "Y": 2.60052,
      "Z": 4.535998
    }
  }
}