{
  "LodDetail": {
    "BoundSize": {
      "X": 0.161736,
      "Y": 1.932266,
      "Z": 3.465327
    }
  }
}