{
  "LodDetail": {
    "BoundSize": {
      "X": 3.145262,
      "Y": 3.195,
      "Z": 3.271072
    }
  }
}