{
  "LodDetail": {
    "BoundSize": {
      "X": 0.502969,
      "Y": 0.708288,
      "Z": 0.509039
    }
  }
}