{
  "LodDetail": {
    "BoundSize": {
      "X": 1.549798,
      "Y": 1.591069,
      "Z": 0.992892
    }
  }
}