{
  "LodDetail": {
    "BoundSize": {
      "X": 0.148438,
      "Y": 0.210938,
      "Z": 1.7196
    }
  }
}