{
  "LodDetail": {
    "BoundSize": {
      "X": 4.682503,
      "Y": 5.761217,
      "Z": 3.40558
    }
  }
}