{
  "LodDetail": {
    "BoundSize": {
      "X": 0.070313,
      "Y": 0.039063,
      "Z": 0.03125
    }
  }
}