{
  "LodDetail": {
    "BoundSize": {
      "X": 3.274466,
      "Y": 1.942703,
      "Z": 5.746286
    }
  }
}