{
  "LodDetail": {
    "BoundSize": {
      "X": 1.589822,
      "Y": 2.001416,
      "Z": 1.718634
    }
  }
}