{
  "LodDetail": {
    "BoundSize": {
      "X": 0.648438,
      "Y": 0.640625,
      "Z": 0.726563
    }
  }
}