{
  "LodDetail": {
    "BoundSize": {
      "X": 0.664063,
      "Y": 0.570313,
      "Z": 0.566719
    }
  }
}