{
  "LodDetail": {
    "BoundSize": {
      "X": 8.486722,
      "Y": 3.300392,
      "Z": 8.486722
    }
  }
}