{
  "LodDetail": {
    "BoundSize": {
      "X": 3.033131,
      "Y": 1.226853,
      "Z": 3.031168
    }
  }
}