{
  "LodDetail": {
    "BoundSize": {
      "X": 1.161703,
      "Y": 2.098453,
      "Z": 17.77344
    }
  }
}