{
  "LodDetail": {
    "BoundSize": {
      "X": 1.842117,
      "Y": 1.773891,
      "Z": 1.910344
    }
  }
}