{
  "LodDetail": {
    "BoundSize": {
      "X": 24.01466,
      "Y": 48.22674,
      "Z": 36.52618
    }
  }
}