{
  "LodDetail": {
    "BoundSize": {
      "X": 1.016393,
      "Y": 1.175998,
      "Z": 0.940967
    }
  }
}