{
  "LodDetail": {
    "BoundSize": {
      "X": 0.585938,
      "Y": 0.40625,
      "Z": 0.53125
    }
  }
}