{
  "LodDetail": {
    "BoundSize": {
      "X": 2.478664,
      "Y": 1.343424,
      "Z": 2.518964
    }
  }
}