{
  "LodDetail": {
    "BoundSize": {
      "X": 0.960938,
      "Y": 0.984375,
      "Z": 0.828125
    }
  }
}