{
  "LodDetail": {
    "BoundSize": {
      "X": 0.985082,
      "Y": 0.265625,
      "Z": 0.608742
    }
  }
}