{
  "LodDetail": {
    "BoundSize": {
      "X": 0.892969,
      "Y": 2.477306,
      "Z": 1.634292
    }
  }
}