{
  "LodDetail": {
    "BoundSize": {
      "X": 1.289747,
      "Y": 1.394321,
      "Z": 1.394321
    }
  }
}