{
  "LodDetail": {
    "BoundSize": {
      "X": 0.537051,
      "Y": 0.46033,
      "Z": 4.430098
    }
  }
}