{
  "LodDetail": {
    "BoundSize": {
      "X": 0.646867,
      "Y": 1.236689,
      "Z": 1.042476
    }
  }
}