{
  "LodDetail": {
    "BoundSize": {
      "X": 7.377343,
      "Y": 8.153906,
      "Z": 3.10625
    }
  }
}