{
  "LodDetail": {
    "BoundSize": {
      "X": 1.003659,
      "Y": 1.100252,
      "Z": 0.717773
    }
  }
}