{
  "LodDetail": {
    "BoundSize": {
      "X": 2.595937,
      "Y": 7.85086,
      "Z": 2.595937
    }
  }
}