{
  "LodDetail": {
    "BoundSize": {
      "X": 3.147422,
      "Y": 13.19023,
      "Z": 4.199271
    }
  }
}