{
  "LodDetail": {
    "BoundSize": {
      "X": 9.510115,
      "Y": 2.662832,
      "Z": 9.510115
    }
  }
}