{
  "LodDetail": {
    "BoundSize": {
      "X": 4.118557,
      "Y": 2.581686,
      "Z": 4.324325
    }
  }
}