{
  "LodDetail": {
    "BoundSize": {
      "X": 3.58124,
      "Y": 1.51575,
      "Z": 6.368874
    }
  }
}