{
  "LodDetail": {
    "BoundSize": {
      "X": 1.33635,
      "Y": 0.914258,
      "Z": 1.438956
    }
  }
}