{
  "LodDetail": {
    "BoundSize": {
      "X": 1.496071,
      "Y": 2.072368,
      "Z": 7.387816
    }
  }
}