{
  "LodDetail": {
    "BoundSize": {
      "X": 0.426777,
      "Y": 5.076908,
      "Z": 0.47822
    }
  }
}