{
  "LodDetail": {
    "BoundSize": {
      "X": 0.316172,
      "Y": 4.52006,
      "Z": 0.382734
    }
  }
}