{
  "LodDetail": {
    "BoundSize": {
      "X": 0.313633,
      "Y": 1.614434,
      "Z": 1.627234
    }
  }
}