{
  "LodDetail": {
    "BoundSize": {
      "X": 1.589822,
      "Y": 2.064735,
      "Z": 1.782287
    }
  }
}