{
  "LodDetail": {
    "BoundSize": {
      "X": 26.96688,
      "Y": 20.74541,
      "Z": 14.53686
    }
  }
}