{
  "LodDetail": {
    "BoundSize": {
      "X": 1.0625,
      "Y": 2.934375,
      "Z": 2.539063
    }
  }
}