{
  "LodDetail": {
    "BoundSize": {
      "X": 1.261401,
      "Y": 1.635112,
      "Z": 1.257444
    }
  }
}