{
  "LodDetail": {
    "BoundSize": {
      "X": 0.508233,
      "Y": 0.508233,
      "Z": 0.776563
    }
  }
}