{
  "LodDetail": {
    "BoundSize": {
      "X": 4.773839,
      "Y": 3.425619,
      "Z": 3.831634
    }
  }
}