{
  "LodDetail": {
    "BoundSize": {
      "X": 0.287919,
      "Y": 0.696094,
      "Z": 0.287919
    }
  }
}