{
  "LodDetail": {
    "BoundSize": {
      "X": 0.961581,
      "Y": 1.744529,
      "Z": 0.900088
    }
  }
}