{
  "LodDetail": {
    "BoundSize": {
      "X": 1.342628,
      "Y": 1.631314,
      "Z": 6.240226
    }
  }
}