{
  "LodDetail": {
    "BoundSize": {
      "X": 14.41856,
      "Y": 13.3125,
      "Z": 14.55885
    }
  }
}