{
  "LodDetail": {
    "BoundSize": {
      "X": 0.685125,
      "Y": 1.999538,
      "Z": 0.899227
    }
  }
}