{
  "LodDetail": {
    "BoundSize": {
      "X": 43.37403,
      "Y": 44.35384,
      "Z": 37.07353
    }
  }
}