{
  "LodDetail": {
    "BoundSize": {
      "X": 19.798,
      "Y": 12.01441,
      "Z": 20.76381
    }
  }
}