{
  "LodDetail": {
    "BoundSize": {
      "X": 0.585365,
      "Y": 0.799509,
      "Z": 1.969875
    }
  }
}