{
  "LodDetail": {
    "BoundSize": {
      "X": 1.159563,
      "Y": 4.189031,
      "Z": 5.293845
    }
  }
}