{
  "LodDetail": {
    "BoundSize": {
      "X": 2.428603,
      "Y": 8.059172,
      "Z": 2.58857
    }
  }
}