{
  "LodDetail": {
    "BoundSize": {
      "X": 0.856464,
      "Y": 2.645429,
      "Z": 1.192487
    }
  }
}