{
  "LodDetail": {
    "BoundSize": {
      "X": 5.166176,
      "Y": 8.255239,
      "Z": 4.829252
    }
  }
}