{
  "LodDetail": {
    "BoundSize": {
      "X": 2.847889,
      "Y": 17.96207,
      "Z": 7.160959
    }
  }
}