{
  "LodDetail": {
    "BoundSize": {
      "X": 1.463687,
      "Y": 1.392288,
      "Z": 0.749693
    }
  }
}