{
  "LodDetail": {
    "BoundSize": {
      "X": 4.908965,
      "Y": 4.64158,
      "Z": 8.420364
    }
  }
}