{
  "LodDetail": {
    "BoundSize": {
      "X": 0.617188,
      "Y": 0.726563,
      "Z": 0.601563
    }
  }
}