{
  "LodDetail": {
    "BoundSize": {
      "X": 3.240569,
      "Y": 0.40149,
      "Z": 1.395784
    }
  }
}