{
  "LodDetail": {
    "BoundSize": {
      "X": 0.235088,
      "Y": 0.235088,
      "Z": 0.235088
    }
  }
}