{
  "LodDetail": {
    "BoundSize": {
      "X": 1.095812,
      "Y": 0.451324,
      "Z": 1.610305
    }
  }
}