{
  "LodDetail": {
    "BoundSize": {
      "X": 0.804688,
      "Y": 1.500391,
      "Z": 0.870273
    }
  }
}