{
  "LodDetail": {
    "BoundSize": {
      "X": 7.689006,
      "Y": 2.28584,
      "Z": 15.43432
    }
  }
}