{
  "LodDetail": {
    "BoundSize": {
      "X": 0.471826,
      "Y": 0.537654,
      "Z": 0.655931
    }
  }
}