{
  "LodDetail": {
    "BoundSize": {
      "X": 8.240372,
      "Y": 4.074739,
      "Z": 7.091014
    }
  }
}