{
  "LodDetail": {
    "BoundSize": {
      "X": 3.944617,
      "Y": 2.232101,
      "Z": 3.985652
    }
  }
}