{
  "LodDetail": {
    "BoundSize": {
      "X": 1.387299,
      "Y": 1.494109,
      "Z": 1.419822
    }
  }
}