{
  "LodDetail": {
    "BoundSize": {
      "X": 1.029891,
      "Y": 1.012726,
      "Z": 1.029891
    }
  }
}