{
  "LodDetail": {
    "BoundSize": {
      "X": 3.351569,
      "Y": 0.742188,
      "Z": 6.49238
    }
  }
}