{
  "LodDetail": {
    "BoundSize": {
      "X": 2.87525,
      "Y": 2.724874,
      "Z": 4.848751
    }
  }
}