{
  "LodDetail": {
    "BoundSize": {
      "X": 1.897031,
      "Y": 1.797188,
      "Z": 1.697344
    }
  }
}