{
  "LodDetail": {
    "BoundSize": {
      "X": 3.993751,
      "Y": 3.99375,
      "Z": 3.993752
    }
  }
}