{
  "LodDetail": {
    "BoundSize": {
      "X": 0.46875,
      "Y": 0.68418,
      "Z": 6.030083
    }
  }
}