{
  "LodDetail": {
    "BoundSize": {
      "X": 0.964171,
      "Y": 1.088529,
      "Z": 0.846589
    }
  }
}