{
  "LodDetail": {
    "BoundSize": {
      "X": 0.602992,
      "Y": 0.570313,
      "Z": 0.718207
    }
  }
}