{
  "LodDetail": {
    "BoundSize": {
      "X": 7.043769,
      "Y": 16.23755,
      "Z": 7.349762
    }
  }
}