{
  "LodDetail": {
    "BoundSize": {
      "X": 2.610002,
      "Y": 5.093371,
      "Z": 4.644644
    }
  }
}