{
  "LodDetail": {
    "BoundSize": {
      "X": 6.767188,
      "Y": 6.767188,
      "Z": 6.767188
    }
  }
}