{
  "LodDetail": {
    "BoundSize": {
      "X": 0.742188,
      "Y": 0.173906,
      "Z": 0.923422
    }
  }
}