{
  "LodDetail": {
    "BoundSize": {
      "X": 0.296875,
      "Y": 0.304297,
      "Z": 3.79293
    }
  }
}