{
  "LodDetail": {
    "BoundSize": {
      "X": 6.144352,
      "Y": 7.130366,
      "Z": 5.938165
    }
  }
}