{
  "LodDetail": {
    "BoundSize": {
      "X": 0.754729,
      "Y": 0.804789,
      "Z": 0.919054
    }
  }
}