{
  "LodDetail": {
    "BoundSize": {
      "X": 1.973945,
      "Y": 4.277996,
      "Z": 2.524814
    }
  }
}