{
  "LodDetail": {
    "BoundSize": {
      "X": 1.607655,
      "Y": 2.25603,
      "Z": 1.548112
    }
  }
}