{
  "LodDetail": {
    "BoundSize": {
      "X": 1.578527,
      "Y": 2.312965,
      "Z": 2.364965
    }
  }
}