{
  "LodDetail": {
    "BoundSize": {
      "X": 14.79624,
      "Y": 3.580966,
      "Z": 0.949638
    }
  }
}