{
  "LodDetail": {
    "BoundSize": {
      "X": 5.741017,
      "Y": 2.232618,
      "Z": 5.741017
    }
  }
}