{
  "LodDetail": {
    "BoundSize": {
      "X": 4.049978,
      "Y": 4.03361,
      "Z": 4.106383
    }
  }
}