{
  "LodDetail": {
    "BoundSize": {
      "X": 1.459401,
      "Y": 1.183298,
      "Z": 2.129937
    }
  }
}