{
  "LodDetail": {
    "BoundSize": {
      "X": 7.055939,
      "Y": 1.754412,
      "Z": 1.150824
    }
  }
}