{
  "LodDetail": {
    "BoundSize": {
      "X": 0.839582,
      "Y": 1.86788,
      "Z": 1.430094
    }
  }
}