{
  "LodDetail": {
    "BoundSize": {
      "X": 0.609375,
      "Y": 0.229961,
      "Z": 0.625
    }
  }
}