{
  "LodDetail": {
    "BoundSize": {
      "X": 11.41309,
      "Y": 2.6625,
      "Z": 11.41309
    }
  }
}