{
  "LodDetail": {
    "BoundSize": {
      "X": 1.158933,
      "Y": 1.466405,
      "Z": 1.182584
    }
  }
}