{
  "LodDetail": {
    "BoundSize": {
      "X": 2.539139,
      "Y": 2.124585,
      "Z": 2.590958
    }
  }
}