{
  "LodDetail": {
    "BoundSize": {
      "X": 0.957496,
      "Y": 1.430332,
      "Z": 1.637683
    }
  }
}