{
  "LodDetail": {
    "BoundSize": {
      "X": 1.93032,
      "Y": 7.057232,
      "Z": 1.704837
    }
  }
}