{
  "LodDetail": {
    "BoundSize": {
      "X": 0.897032,
      "Y": 0.264643,
      "Z": 0.185901
    }
  }
}