{
  "LodDetail": {
    "BoundSize": {
      "X": 3.83913,
      "Y": 3.839131,
      "Z": 3.993752
    }
  }
}