{
  "LodDetail": {
    "BoundSize": {
      "X": 0.398784,
      "Y": 0.950347,
      "Z": 1.922077
    }
  }
}