{
  "LodDetail": {
    "BoundSize": {
      "X": 38.43686,
      "Y": 33.67618,
      "Z": 83.47847
    }
  }
}