{
  "LodDetail": {
    "BoundSize": {
      "X": 0.943219,
      "Y": 0.976296,
      "Z": 0.975744
    }
  }
}