{
  "LodDetail": {
    "BoundSize": {
      "X": 1.193105,
      "Y": 2.064063,
      "Z": 0.882518
    }
  }
}