{
  "LodDetail": {
    "BoundSize": {
      "X": 0.835938,
      "Y": 1.921602,
      "Z": 1.153867
    }
  }
}