{
  "LodDetail": {
    "BoundSize": {
      "X": 1.112712,
      "Y": 1.307579,
      "Z": 1.304704
    }
  }
}