{
  "LodDetail": {
    "BoundSize": {
      "X": 1.454362,
      "Y": 2.225975,
      "Z": 1.685564
    }
  }
}