{
  "LodDetail": {
    "BoundSize": {
      "X": 0.567938,
      "Y": 0.52425,
      "Z": 5.59289
    }
  }
}