{
  "LodDetail": {
    "BoundSize": {
      "X": 2.293272,
      "Y": 4.368811,
      "Z": 0.336424
    }
  }
}