{
  "LodDetail": {
    "BoundSize": {
      "X": 1.900398,
      "Y": 2.815457,
      "Z": 4.417206
    }
  }
}