{
  "LodDetail": {
    "BoundSize": {
      "X": 6.414326,
      "Y": 1.039097,
      "Z": 6.418494
    }
  }
}