{
  "LodDetail": {
    "BoundSize": {
      "X": 8.227261,
      "Y": 10.26369,
      "Z": 3.197832
    }
  }
}