{
  "LodDetail": {
    "BoundSize": {
      "X": 0.043804,
      "Y": 0.126737,
      "Z": 1.170394
    }
  }
}