{
  "LodDetail": {
    "BoundSize": {
      "X": 0.507813,
      "Y": 0.570313,
      "Z": 0.578125
    }
  }
}