{
  "LodDetail": {
    "BoundSize": {
      "X": 10.19124,
      "Y": 42.23034,
      "Z": 74.05708
    }
  }
}