{
  "LodDetail": {
    "BoundSize": {
      "X": 0.257813,
      "Y": 0.070313,
      "Z": 0.382813
    }
  }
}