{
  "LodDetail": {
    "BoundSize": {
      "X": 3.592933,
      "Y": 2.410818,
      "Z": 3.592933
    }
  }
}