{
  "LodDetail": {
    "BoundSize": {
      "X": 8.076255,
      "Y": 15.69453,
      "Z": 5.274183
    }
  }
}