{
  "LodDetail": {
    "BoundSize": {
      "X": 1.507303,
      "Y": 1.437735,
      "Z": 1.669628
    }
  }
}