{
  "LodDetail": {
    "BoundSize": {
      "X": 3.289103,
      "Y": 7.964525,
      "Z": 1.318052
    }
  }
}