{
  "LodDetail": {
    "BoundSize": {
      "X": 3.736799,
      "Y": 6.573178,
      "Z": 3.956691
    }
  }
}