{
  "LodDetail": {
    "BoundSize": {
      "X": 4.971444,
      "Y": 4.992188,
      "Z": 2.846793
    }
  }
}