{
  "LodDetail": {
    "BoundSize": {
      "X": 8.597656,
      "Y": 8.042969,
      "Z": 8.597656
    }
  }
}