{
  "LodDetail": {
    "BoundSize": {
      "X": 1.527229,
      "Y": 1.317181,
      "Z": 2.194346
    }
  }
}