{
  "LodDetail": {
    "BoundSize": {
      "X": 1.8001,
      "Y": 1.721112,
      "Z": 1.844383
    }
  }
}