{
  "LodDetail": {
    "BoundSize": {
      "X": 4.809346,
      "Y": 8.387057,
      "Z": 3.249558
    }
  }
}