{
  "LodDetail": {
    "BoundSize": {
      "X": 2.989078,
      "Y": 0.898594,
      "Z": 2.859118
    }
  }
}