{
  "LodDetail": {
    "BoundSize": {
      "X": 1.672285,
      "Y": 3.043086,
      "Z": 4.42582
    }
  }
}