{
  "LodDetail": {
    "BoundSize": {
      "X": 3.176112,
      "Y": 4.211554,
      "Z": 5.090251
    }
  }
}