{
  "LodDetail": {
    "BoundSize": {
      "X": 0.811524,
      "Y": 1.106436,
      "Z": 0.88812
    }
  }
}