{
  "LodDetail": {
    "BoundSize": {
      "X": 2.047899,
      "Y": 2.331681,
      "Z": 1.11875
    }
  }
}