{
  "LodDetail": {
    "BoundSize": {
      "X": 1.267792,
      "Y": 1.28043,
      "Z": 2.220135
    }
  }
}