{
  "LodDetail": {
    "BoundSize": {
      "X": 0.242188,
      "Y": 0.517969,
      "Z": 0.235547
    }
  }
}