{
  "LodDetail": {
    "BoundSize": {
      "X": 0.664063,
      "Y": 1.273008,
      "Z": 0.879688
    }
  }
}