{
  "LodDetail": {
    "BoundSize": {
      "X": 4.689811,
      "Y": 6.026023,
      "Z": 5.315122
    }
  }
}