{
  "LodDetail": {
    "BoundSize": {
      "X": 0.711385,
      "Y": 0.835113,
      "Z": 1.44745
    }
  }
}