{
  "LodDetail": {
    "BoundSize": {
      "X": 1.354949,
      "Y": 0.579281,
      "Z": 0.755223
    }
  }
}