{
  "LodDetail": {
    "BoundSize": {
      "X": 0.601563,
      "Y": 0.600586,
      "Z": 0.65625
    }
  }
}