{
  "LodDetail": {
    "BoundSize": {
      "X": 1.256329,
      "Y": 1.753254,
      "Z": 3.319022
    }
  }
}