{
  "LodDetail": {
    "BoundSize": {
      "X": 1.013174,
      "Y": 0.77203,
      "Z": 1.109483
    }
  }
}