{
  "LodDetail": {
    "BoundSize": {
      "X": 3.739307,
      "Y": 7.434901,
      "Z": 5.819518
    }
  }
}