{
  "LodDetail": {
    "BoundSize": {
      "X": 0.169734,
      "Y": 0.169734,
      "Z": 0.169734
    }
  }
}