{
  "LodDetail": {
    "BoundSize": {
      "X": 7.349391,
      "Y": 2.760546,
      "Z": 7.937346
    }
  }
}