{
  "LodDetail": {
    "BoundSize": {
      "X": 7.499799,
      "Y": 17.20542,
      "Z": 17.20542
    }
  }
}