{
  "LodDetail": {
    "BoundSize": {
      "X": 1.941366,
      "Y": 2.093416,
      "Z": 0.838268
    }
  }
}