{
  "LodDetail": {
    "BoundSize": {
      "X": 0.483845,
      "Y": 0.525919,
      "Z": 1.283241
    }
  }
}