{
  "LodDetail": {
    "BoundSize": {
      "X": 0.941016,
      "Y": 0.453125,
      "Z": 1.327734
    }
  }
}