{
  "LodDetail": {
    "BoundSize": {
      "X": 0.511726,
      "Y": 0.564726,
      "Z": 0.43086
    }
  }
}