{
  "LodDetail": {
    "BoundSize": {
      "X": 2.317624,
      "Y": 7.12396,
      "Z": 17.79023
    }
  }
}