{
  "LodDetail": {
    "BoundSize": {
      "X": 0.964844,
      "Y": 0.45418,
      "Z": 0.496523
    }
  }
}