{
  "LodDetail": {
    "BoundSize": {
      "X": 2.756356,
      "Y": 0.532363,
      "Z": 2.968385
    }
  }
}