{
  "LodDetail": {
    "BoundSize": {
      "X": 3.906301,
      "Y": 3.477498,
      "Z": 3.552058
    }
  }
}