{
  "LodDetail": {
    "BoundSize": {
      "X": 0.56246,
      "Y": 0.207334,
      "Z": 0.063737
    }
  }
}