{
  "LodDetail": {
    "BoundSize": {
      "X": 1.174667,
      "Y": 1.08505,
      "Z": 1.634711
    }
  }
}