{
  "LodDetail": {
    "BoundSize": {
      "X": 0.742188,
      "Y": 0.328125,
      "Z": 0.703125
    }
  }
}