{
  "LodDetail": {
    "BoundSize": {
      "X": 1.90714,
      "Y": 1.073875,
      "Z": 1.073875
    }
  }
}