{
  "LodDetail": {
    "BoundSize": {
      "X": 8.237815,
      "Y": 5.457657,
      "Z": 4.407087
    }
  }
}