{
  "LodDetail": {
    "BoundSize": {
      "X": 2.620488,
      "Y": 2.619726,
      "Z": 2.620439
    }
  }
}