{
  "LodDetail": {
    "BoundSize": {
      "X": 5.678614,
      "Y": 5.82422,
      "Z": 5.82422
    }
  }
}