{
  "LodDetail": {
    "BoundSize": {
      "X": 0.507114,
      "Y": 0.213522,
      "Z": 0.502666
    }
  }
}