{
  "LodDetail": {
    "BoundSize": {
      "X": 0.939281,
      "Y": 1.275276,
      "Z": 1.242217
    }
  }
}