{
  "LodDetail": {
    "BoundSize": {
      "X": 0.767216,
      "Y": 0.767216,
      "Z": 5.170386
    }
  }
}