{
  "LodDetail": {
    "BoundSize": {
      "X": 1.206477,
      "Y": 2.321766,
      "Z": 4.150046
    }
  }
}