{
  "LodDetail": {
    "BoundSize": {
      "X": 1.743931,
      "Y": 4.93875,
      "Z": 1.701077
    }
  }
}