{
  "LodDetail": {
    "BoundSize": {
      "X": 3.138422,
      "Y": 3.138422,
      "Z": 3.138422
    }
  }
}