{
  "LodDetail": {
    "BoundSize": {
      "X": 1.055646,
      "Y": 0.185938,
      "Z": 1.308891
    }
  }
}