{
  "LodDetail": {
    "BoundSize": {
      "X": 9.59416,
      "Y": 2.706461,
      "Z": 4.26832
    }
  }
}