{
  "LodDetail": {
    "BoundSize": {
      "X": 45.48682,
      "Y": 54.05386,
      "Z": 17.0495
    }
  }
}