{
  "LodDetail": {
    "BoundSize": {
      "X": 0.951703,
      "Y": 1.625469,
      "Z": 2.057453
    }
  }
}