{
  "LodDetail": {
    "BoundSize": {
      "X": 2.885704,
      "Y": 7.650759,
      "Z": 1.422996
    }
  }
}