{
  "LodDetail": {
    "BoundSize": {
      "X": 49.88756,
      "Y": 67.35236,
      "Z": 97.77719
    }
  }
}