{
  "LodDetail": {
    "BoundSize": {
      "X": 1.627352,
      "Y": 1.780181,
      "Z": 0.42398
    }
  }
}