{
  "LodDetail": {
    "BoundSize": {
      "X": 1.109049,
      "Y": 1.106631,
      "Z": 1.132933
    }
  }
}