{
  "LodDetail": {
    "BoundSize": {
      "X": 0.929643,
      "Y": 3.564101,
      "Z": 1.484489
    }
  }
}