{
  "LodDetail": {
    "BoundSize": {
      "X": 6.65625,
      "Y": 3.106251,
      "Z": 6.656252
    }
  }
}