{
  "LodDetail": {
    "BoundSize": {
      "X": 2.163979,
      "Y": 1.365,
      "Z": 2.392962
    }
  }
}