{
  "LodDetail": {
    "BoundSize": {
      "X": 1.103066,
      "Y": 1.568574,
      "Z": 2.761899
    }
  }
}