{
  "LodDetail": {
    "BoundSize": {
      "X": 1.600432,
      "Y": 1.319196,
      "Z": 1.143075
    }
  }
}