{
  "LodDetail": {
    "BoundSize": {
      "X": 1.422926,
      "Y": 0.631823,
      "Z": 0.604103
    }
  }
}