{
  "LodDetail": {
    "BoundSize": {
      "X": 3.030192,
      "Y": 5.522396,
      "Z": 3.603301
    }
  }
}