{
  "LodDetail": {
    "BoundSize": {
      "X": 3.452472,
      "Y": 4.382886,
      "Z": 4.688799
    }
  }
}