{
  "LodDetail": {
    "BoundSize": {
      "X": 1.489178,
      "Y": 1.343084,
      "Z": 1.208505
    }
  }
}