{
  "LodDetail": {
    "BoundSize": {
      "X": 9.629377,
      "Y": 9.807772,
      "Z": 9.641539
    }
  }
}