{
  "LodDetail": {
    "BoundSize": {
      "X": 1.583649,
      "Y": 1.512433,
      "Z": 1.331327
    }
  }
}