{
  "LodDetail": {
    "BoundSize": {
      "X": 30.88333,
      "Y": 7.774707,
      "Z": 22.32887
    }
  }
}