{
  "LodDetail": {
    "BoundSize": {
      "X": 2.851445,
      "Y": 3.705752,
      "Z": 3.599578
    }
  }
}