{
  "LodDetail": {
    "BoundSize": {
      "X": 11.48392,
      "Y": 7.230279,
      "Z": 11.34437
    }
  }
}