{
  "LodDetail": {
    "BoundSize": {
      "X": 5.414701,
      "Y": 3.042581,
      "Z": 5.656225
    }
  }
}