{
  "LodDetail": {
    "BoundSize": {
      "X": 6.715899,
      "Y": 3.010673,
      "Z": 6.85879
    }
  }
}