{
  "LodDetail": {
    "BoundSize": {
      "X": 5.762932,
      "Y": 5.54128,
      "Z": 5.766172
    }
  }
}