{
  "LodDetail": {
    "BoundSize": {
      "X": 1.560547,
      "Y": 0.567188,
      "Z": 0.429688
    }
  }
}