{
  "LodDetail": {
    "BoundSize": {
      "X": 2.026916,
      "Y": 0.748575,
      "Z": 0.502016
    }
  }
}