{
  "LodDetail": {
    "BoundSize": {
      "X": 0.495703,
      "Y": 0.507813,
      "Z": 1.345312
    }
  }
}