{
  "LodDetail": {
    "BoundSize": {
      "X": 1.397812,
      "Y": 1.43775,
      "Z": 1.457718
    }
  }
}