{
  "LodDetail": {
    "BoundSize": {
      "X": 26.23788,
      "Y": 2.293801,
      "Z": 33.03914
    }
  }
}