{
  "LodDetail": {
    "BoundSize": {
      "X": 6.345625,
      "Y": 7.077812,
      "Z": 6.345625
    }
  }
}