{
  "LodDetail": {
    "BoundSize": {
      "X": 22.06479,
      "Y": 0.752134,
      "Z": 21.74958
    }
  }
}