{
  "LodDetail": {
    "BoundSize": {
      "X": 1.459252,
      "Y": 1.831047,
      "Z": 0.731176
    }
  }
}