{
  "LodDetail": {
    "BoundSize": {
      "X": 1.386301,
      "Y": 1.555176,
      "Z": 0.234375
    }
  }
}