{
  "LodDetail": {
    "BoundSize": {
      "X": 1.097547,
      "Y": 2.238383,
      "Z": 2.940015
    }
  }
}