{
  "LodDetail": {
    "BoundSize": {
      "X": 6.289258,
      "Y": 4.003451,
      "Z": 6.064643
    }
  }
}