{
  "LodDetail": {
    "BoundSize": {
      "X": 0.5625,
      "Y": 0.71875,
      "Z": 0.828125
    }
  }
}