{
  "LodDetail": {
    "BoundSize": {
      "X": 0.226563,
      "Y": 0.1875,
      "Z": 1.462992
    }
  }
}