{
  "LodDetail": {
    "BoundSize": {
      "X": 1.334279,
      "Y": 5.796382,
      "Z": 2.450337
    }
  }
}