{
  "LodDetail": {
    "BoundSize": {
      "X": 11.09136,
      "Y": 6.226894,
      "Z": 8.05691
    }
  }
}