{
  "LodDetail": {
    "BoundSize": {
      "X": 1.077356,
      "Y": 6.601645,
      "Z": 2.425041
    }
  }
}