{
  "LodDetail": {
    "BoundSize": {
      "X": 0.821562,
      "Y": 0.664453,
      "Z": 0.984492
    }
  }
}