{
  "LodDetail": {
    "BoundSize": {
      "X": 7.499799,
      "Y": 14.11727,
      "Z": 14.11727
    }
  }
}