{
  "LodDetail": {
    "BoundSize": {
      "X": 4.780922,
      "Y": 4.93072,
      "Z": 3.887391
    }
  }
}