{
  "LodDetail": {
    "BoundSize": {
      "X": 8.876701,
      "Y": 17.78242,
      "Z": 8.234051
    }
  }
}