{
  "LodDetail": {
    "BoundSize": {
      "X": 4.492327,
      "Y": 0.491968,
      "Z": 4.492328
    }
  }
}