{
  "LodDetail": {
    "BoundSize": {
      "X": 0.432335,
      "Y": 0.610355,
      "Z": 0.686649
    }
  }
}