{
  "LodDetail": {
    "BoundSize": {
      "X": 0.175041,
      "Y": 1.130903,
      "Z": 0.065991
    }
  }
}