{
  "GroupGUID": "14253b30-9871-4e47-a59e-6e7384ab48c9",
  "GroupName": "SubMission",
  "AreaAnchorName": "LevelArea_P10001_F10001001_G9",
  "SaveType": "Reset",
  "LoadCondition": {
    "Conditions": [
      {
        "Phase": "Finish",
        "ID": 2000113
      }
    ]
  },
  "ConflictIDList": [],
  "AnchorList": [],
  "MonsterList": [],
  "PropList": [
    {
      "PropID": 100,
      "IsOverrideInitLevelGraph": true,
      "Trigger": {
        "Radius": 2,
        "DimX": 1,
        "DimY": 1,
        "DimZ": 1,
        "PointList": []
      },
      "CampID": 4,
      "CustomTriggerMap": {},
      "BridgeStateRotations": [],
      "DialogueGroups": [],
      "TalkDialogGroupIDList": [],
      "ServerInteractVerificationIDList": [],
      "Name": "Prop1",
      "ID": 300001,
      "PosX": -46.69,
      "PosY": 5.141948,
      "PosZ": -44.96
    }
  ],
  "DistrictList": [],
  "WaypointList": [],
  "PathwayList": [],
  "BattleAreaList": [],
  "NPCList": [
    {
      "NPCID": 10202,
      "DialogueGroups": [
        300052202,
        300052302,
        300052402,
        300052502,
        300052602,
        300052702,
        500000302,
        500000303
      ],
      "ServerInteractVerificationIDList": [],
      "BoardShowList": [
        1,
        4,
        8,
        64
      ],
      "FirstDialogueGroupID": 500000301,
      "TalkDialogGroupIDList": [
        500000300
      ],
      "DefaultIdleFreeStyleMotionID": 100020000,
      "InitialHiddenNodeList": [],
      "Dialog": {
        "LevelGraph": "Config/Level/NPCDialogue/P10001/F10001001_G9/DialogueMain_F10001001_G9_N400001.json",
        "PackList": [
          {
            "Name": "Transferred",
            "LevelGraph": "Config/Level/NPCDialogue/P10001/F10001001_G9/DialoguePack_Transferred_F10001001_G9_N400001.json"
          }
        ]
      },
      "ConnectWithSubMissionIDList": [
        300052202,
        300052302,
        300052402,
        300052502,
        300052602,
        300052702
      ],
      "Name": "NPC1",
      "RotY": 319.9258,
      "ID": 400001,
      "PosX": -46.856,
      "PosY": 4.92304,
      "PosZ": -45.081
    },
    {
      "NPCID": 10401,
      "DialogueGroups": [
        300052201,
        300052203,
        300052301,
        300052303,
        300052401,
        300052403,
        300052501,
        300052503,
        300052601,
        300052603,
        300052701,
        300052703,
        500000405,
        500000406
      ],
      "ServerInteractVerificationIDList": [],
      "DefaultIdleStateName": "Lumbago01",
      "DefaultLookAtMode": "Closed",
      "BoardShowList": [
        1,
        4,
        8,
        64
      ],
      "TalkDialogGroupIDList": [
        500000404
      ],
      "DefaultIdleFreeStyleMotionID": 100030326,
      "InitialHiddenNodeList": [],
      "Dialog": {
        "LevelGraph": "Config/Level/NPCDialogue/P10001/F10001001_G9/DialogueMain_F10001001_G9_N400002.json",
        "PackList": [
          {
            "Name": "4050033",
            "LevelGraph": "Config/Level/NPCDialogue/P10001/F10001001_G9/DialoguePack_4050033_F10001001_G9_N400002.json"
          },
          {
            "Name": "Transferred",
            "LevelGraph": "Config/Level/NPCDialogue/P10001/F10001001_G9/DialoguePack_Transferred_F10001001_G9_N400002.json"
          }
        ]
      },
      "ConnectWithSubMissionIDList": [
        405003302,
        300052201,
        300052203,
        300052301,
        300052303,
        300052401,
        300052403,
        300052501,
        300052503,
        300052601,
        300052603,
        300052701,
        300052703
      ],
      "Name": "NPC2",
      "RotY": 253.2557,
      "ID": 400002,
      "PosX": 8.38,
      "PosY": -0.264332,
      "PosZ": 31.4
    }
  ],
  "CrowdList": [],
  "PedestrianList": []
}